Ticker,AAPL,MSFT,SPY
2020-01-02,72.46826934814453,152.50570678710938,297.6990051269531
2020-01-03,71.76371002197266,150.6067657470703,295.4447021484375
2020-01-06,72.33556365966797,150.99598693847656,296.5718994140625
2020-01-07,71.995361328125,149.61929321289062,295.738037109375
2020-01-08,73.15348052978516,152.00245666503906,297.31414794921875
2020-01-09,74.70732879638672,153.90142822265625,299.330078125
2020-01-10,74.87623596191406,153.18930053710938,298.46875
2020-01-13,76.47591400146484,155.03134155273438,300.521484375
2020-01-14,75.4432373046875,153.93943786621094,300.063232421875
2020-01-15,75.11992645263672,154.93637084960938,300.7413024902344
2020-01-16,76.06092834472656,157.7753448486328,303.2430114746094
2020-01-17,76.90299224853516,158.6583251953125,304.1868591308594
2020-01-21,76.38182067871094,158.088623046875,303.5912170410156
2020-01-22,76.65445709228516,157.3290252685547,303.6278076171875
2020-01-23,77.02363586425781,158.29747009277344,303.9759826660156
2020-01-24,76.8016357421875,156.70242309570312,301.2727966308594
2020-01-27,74.54327392578125,154.08181762695312,296.4435729980469
2020-01-28,76.65205383300781,157.1011962890625,299.5500793457031
2020-01-29,78.2565689086914,159.55084228515625,299.3026123046875
2020-01-30,78.14315032958984,164.0513458251953,300.27392578125
2020-01-31,74.67838287353516,161.6302032470703,294.8215637207031
2020-02-03,74.47331237792969,165.57054138183594,297.01171875
2020-02-04,76.93193817138672,171.0205841064453,301.5385437011719
2020-02-05,77.55926513671875,170.81170654296875,305.020751953125
2020-02-06,78.46647644042969,174.35328674316406,306.04705810546875
2020-02-07,77.39988708496094,174.60012817382812,304.4159851074219
2020-02-10,77.76753997802734,179.1671600341797,306.6884765625
2020-02-11,77.29830932617188,175.1223602294922,307.2199401855469
2020-02-12,79.13396453857422,175.37869262695312,309.1993713378906
2020-02-13,78.57044982910156,174.42921447753906,308.8694152832031
2020-02-14,78.58980560302734,175.9863739013672,309.3642883300781
2020-02-18,77.15079498291016,177.77139282226562,308.5670166015625
2020-02-19,78.26815032958984,178.30455017089844,310.04241943359375
2020-02-20,77.46519470214844,175.58164978027344,308.76861572265625
2020-02-21,75.7117691040039,170.03106689453125,305.5888671875
2020-02-24,72.11542510986328,162.70004272460938,295.4538879394531
2020-02-25,69.67272186279297,160.01519775390625,286.5010681152344
2020-02-26,70.77798461914062,162.0145721435547,285.4472351074219
2020-02-27,66.15135192871094,150.59918212890625,272.62725830078125
2020-02-28,66.11265563964844,154.24562072753906,271.4819030761719
2020-03-02,72.2677993774414,164.50897216796875,283.2388000488281
2020-03-03,69.97261810302734,156.6258544921875,275.1289367675781
2020-03-04,73.21826934814453,162.3763427734375,286.69342041015625
2020-03-05,70.84329223632812,158.301513671875,277.1632385253906
2020-03-06,69.9024887084961,153.82675170898438,272.58148193359375
2020-03-09,64.37374877929688,143.4014892578125,251.29432678222656
2020-03-10,69.01006317138672,153.20779418945312,264.297607421875
2020-03-11,66.61329650878906,146.26722717285156,251.41339111328125
2020-03-12,60.03491973876953,132.39549255371094,227.35891723632812
2020-03-13,67.22760009765625,151.21804809570312,246.79493713378906
2020-03-16,58.578975677490234,128.929931640625,219.78976440429688
2020-03-17,61.15469741821289,139.5455780029297,231.65664672851562
2020-03-18,59.65762710571289,133.6712646484375,219.92726135253906
2020-03-19,59.20052719116211,135.87059020996094,220.3945770263672
2020-03-20,55.442161560058594,130.7674560546875,210.89686584472656
2020-03-23,54.26434326171875,129.46311950683594,205.50454711914062
2020-03-24,59.708431243896484,141.2307586669922,224.1239776611328
2020-03-25,59.3795051574707,139.87881469726562,227.47909545898438
2020-03-26,62.50423812866211,148.6283721923828,240.7615966796875
2020-03-27,59.916419982910156,142.52557373046875,233.5904083251953
2020-03-30,61.62630081176758,152.55096435546875,241.1763458251953
2020-03-31,61.50054931640625,150.15170288085938,237.58154296875
2020-04-01,58.26456832885742,144.82008361816406,226.88925170898438
2020-04-02,59.23680877685547,147.81915283203125,232.12478637695312
2020-04-03,58.385501861572266,146.45767211914062,228.7696075439453
2020-04-06,63.47890853881836,157.34939575195312,244.13523864746094
2020-04-07,62.74366760253906,155.65469360351562,244.38414001464844
2020-04-08,64.34956359863281,157.21609497070312,252.58770751953125
2020-04-09,64.81391143798828,157.2256317138672,256.431396484375
2020-04-13,66.08606719970703,157.577880859375,254.09011840820312
2020-04-14,69.42361450195312,165.37535095214844,261.58404541015625
2020-04-15,68.78996276855469,163.64259338378906,256.0257873535156
2020-04-16,69.33655548095703,168.55532836914062,257.2608947753906
2020-04-17,68.39574432373047,170.0405731201172,264.2110290527344
2020-04-20,66.97607421875,166.67018127441406,259.5561218261719
2020-04-21,64.90580749511719,159.77719116210938,251.6751708984375
2020-04-22,66.77533721923828,165.2040252685547,257.2608947753906
2020-04-23,66.51654815673828,163.20458984375,257.2425231933594
2020-04-24,68.4368667602539,166.18466186523438,260.8281555175781
2020-04-27,68.48522186279297,165.70858764648438,264.5888977050781
2020-04-28,67.37511444091797,161.67184448242188,263.3721923828125
2020-04-29,69.58807373046875,168.92660522460938,270.266845703125
2020-04-30,71.0561294555664,170.62132263183594,267.7504577636719
2020-05-01,69.91215515136719,166.20364379882812,260.6622314453125
2020-05-04,70.90133666992188,170.26904296875,261.3812255859375
2020-05-05,71.9654769897461,172.0970001220703,263.796142578125
2020-05-06,72.70795440673828,173.79173278808594,262.0080261230469
2020-05-07,73.46012878417969,174.80091857910156,265.1695556640625
2020-05-08,75.20861053466797,175.8291015625,269.5570983886719
2020-05-11,76.39202117919922,177.7904052734375,269.6123962402344
2020-05-12,75.51900482177734,173.76318359375,264.2386474609375
2020-05-13,74.60717010498047,171.13543701171875,259.5653076171875
2020-05-14,75.06549072265625,171.87803649902344,262.67169189453125
2020-05-15,74.62171936035156,174.38201904296875,263.87921142578125
2020-05-18,76.37991333007812,176.04812622070312,271.91680908203125
2020-05-19,75.93853759765625,174.8294677734375,269.1239318847656
2020-05-20,77.4154281616211,177.2545166015625,273.69573974609375
2020-05-21,76.83824920654297,175.12542724609375,271.8062438964844
2020-05-22,77.33297729492188,175.20181274414062,272.3223876953125
2020-05-26,76.80914306640625,173.34967041015625,275.67755126953125
2020-05-27,77.14380645751953,173.57879638671875,279.7793273925781
2020-05-28,77.1777572631836,173.18736267089844,279.26318359375
2020-05-29,77.10257720947266,174.95364379882812,280.5075988769531
2020-06-01,78.05076599121094,174.55259704589844,281.6413269042969
2020-06-02,78.41211700439453,176.53843688964844,283.9732666015625
2020-06-03,78.8437728881836,176.96807861328125,287.7525634765625
2020-06-04,78.16475677490234,174.6385498046875,286.99664306640625
2020-06-05,80.39098358154297,178.72476196289062,294.3522644042969
2020-06-08,80.86627960205078,179.8322296142578,297.91021728515625
2020-06-09,83.41988372802734,181.20709228515625,295.68878173828125
2020-06-10,85.56607055664062,187.9283447265625,294.0387878417969
2020-06-11,81.45797729492188,177.83688354492188,277.08782958984375
2020-06-12,82.1612548828125,179.24034118652344,280.40618896484375
2020-06-15,83.17738342285156,180.38600158691406,283.02398681640625
2020-06-16,85.38175964355469,184.8063507080078,288.4714660644531
2020-06-17,85.2629165649414,185.44606018066406,287.2732238769531
2020-06-18,85.2968978881836,187.43185424804688,287.3838195800781
2020-06-19,84.80944061279297,186.31484985351562,285.741455078125
2020-06-22,87.02838134765625,191.4894561767578,287.5745849609375
2020-06-23,88.88597869873047,192.7687530517578,288.8984375
2020-06-24,87.31697082519531,188.88308715820312,281.5290222167969
2020-06-25,88.47614288330078,191.26986694335938,284.547119140625
2020-06-26,85.75764465332031,187.44142150878906,277.78875732421875
2020-06-29,87.73405456542969,189.45590209960938,281.87158203125
2020-06-30,88.46644592285156,194.29638671875,285.48211669921875
2020-07-01,88.29910278320312,195.43251037597656,287.4819030761719
2020-07-02,88.29910278320312,196.921875,289.0650939941406
2020-07-06,90.66112518310547,201.16082763671875,293.5274658203125
2020-07-07,90.37981414794922,198.82171630859375,290.50006103515625
2020-07-08,92.48477935791016,203.1943817138672,292.72198486328125
2020-07-09,92.88250732421875,204.61695861816406,291.0555419921875
2020-07-10,93.04497528076172,203.99635314941406,294.02740478515625
2020-07-13,92.61573028564453,197.69515991210938,291.4814147949219
2020-07-14,94.14836883544922,198.917236328125,295.2587585449219
2020-07-15,94.79586029052734,198.62124633789062,297.9713134765625
2020-07-16,93.62940979003906,194.68780517578125,296.989990234375
2020-07-17,93.44023132324219,193.6948699951172,297.8509826660156
2020-07-20,95.40940856933594,202.0201416015625,300.2580871582031
2020-07-21,94.09259796142578,199.29913330078125,300.8968811035156
2020-07-22,94.35692596435547,202.1632843017578,302.6096496582031
2020-07-23,90.0621337890625,193.37026977539062,298.99896240234375
2020-07-24,89.83904266357422,192.1864471435547,297.0733337402344
2020-07-27,91.96825408935547,194.6209716796875,299.2397155761719
2020-07-28,90.45744323730469,192.8738555908203,297.34185791015625
2020-07-29,92.19136047363281,194.82144165039062,300.9987487792969
2020-07-30,93.306884765625,194.66871643066406,299.9248046875
2020-07-31,103.07503509521484,195.72845458984375,302.2948913574219
2020-08-03,105.67228698730469,206.73643493652344,304.39642333984375
2020-08-04,106.37797546386719,203.63356018066406,305.5722961425781
2020-08-05,106.76355743408203,203.29942321777344,307.4700927734375
2020-08-06,110.48846435546875,206.55502319335938,309.5254821777344
2020-08-07,107.97643280029297,202.86021423339844,309.7476806640625
2020-08-10,109.54585266113281,198.82171630859375,310.6734619140625
2020-08-11,106.2879638671875,194.1722412109375,308.1089782714844
2020-08-12,109.82037353515625,199.71922302246094,312.4046936035156
2020-08-13,111.76392364501953,199.2513427734375,311.8399658203125
2020-08-14,111.66431427001953,199.44232177734375,311.84930419921875
2020-08-17,111.37278747558594,200.7598419189453,312.8398742675781
2020-08-18,112.30085754394531,201.91510009765625,313.51568603515625
2020-08-19,112.44174194335938,200.69007873535156,312.21026611328125
2020-08-20,114.93678283691406,205.3604278564453,313.1824035644531
2020-08-21,120.8597412109375,203.86740112304688,314.2933654785156
2020-08-24,122.30526733398438,204.50865173339844,317.47808837890625
2020-08-25,121.30191802978516,207.16915893554688,318.58905029296875
2020-08-26,122.95149230957031,211.6480712890625,321.7831115722656
2020-08-27,121.481689453125,216.84481811523438,322.4867248535156
2020-08-28,121.28490447998047,219.07469177246094,324.5697021484375
2020-08-31,125.39794921875,215.83990478515625,323.39410400390625
2020-09-01,130.39288330078125,217.50518798828125,326.44000244140625
2020-09-02,127.69132995605469,221.6969757080078,331.16162109375
2020-09-03,117.46824645996094,207.96353149414062,319.7648620605469
2020-09-04,117.54598236083984,205.04458618164062,317.1540832519531
2020-09-08,109.6357421875,193.9525604248047,308.488525390625
2020-09-09,114.00874328613281,202.21173095703125,314.5803527832031
2020-09-10,110.2868423461914,196.54608154296875,309.1180419921875
2020-09-11,108.8388900756836,195.263671875,309.2755432128906
2020-09-14,112.10405731201172,196.58438110351562,313.3489685058594
2020-09-15,112.27897644042969,199.8096160888672,314.9321594238281
2020-09-16,108.96521759033203,196.2398681640625,313.68231201171875
2020-09-17,107.22574615478516,194.19180297851562,310.9233703613281
2020-09-18,103.82450866699219,191.7801055908203,307.3438720703125
2020-09-21,106.97308349609375,193.83770751953125,303.9232177734375
2020-09-22,108.65422821044922,198.508056640625,307.01849365234375
2020-09-23,104.09661865234375,191.97149658203125,299.8984375
2020-09-24,105.16557312011719,194.4597930908203,300.6977844238281
2020-09-25,109.1109848022461,198.8908233642578,305.5592346191406
2020-09-28,111.71534729003906,200.44122314453125,310.63433837890625
2020-09-29,110.86988830566406,198.3549041748047,308.9425354003906
2020-09-30,112.5413589477539,201.29298400878906,311.28485107421875
2020-10-01,113.49369812011719,203.33148193359375,313.283447265625
2020-10-02,109.8301010131836,197.3308868408203,310.3089599609375
2020-10-05,113.21187591552734,201.34083557128906,315.8117370605469
2020-10-06,109.96615600585938,197.06289672851562,311.3221740722656
2020-10-07,111.83195495605469,200.81448364257812,316.74127197265625
2020-10-08,111.72505950927734,201.53225708007812,319.5483703613281
2020-10-09,113.6686019897461,206.53753662109375,322.4019775390625
2020-10-12,120.88892364501953,211.88739013671875,327.588623046875
2020-10-13,117.68205261230469,213.28463745117188,325.4507751464844
2020-10-14,117.7695083618164,211.3705291748047,323.4058532714844
2020-10-15,117.30304718017578,210.2221221923828,323.0061950683594
2020-10-16,115.66072082519531,210.2221221923828,322.81103515625
2020-10-19,112.7065658569336,205.015869140625,317.9031066894531
2020-10-20,114.1933822631836,205.42739868164062,319.17657470703125
2020-10-21,113.57142639160156,205.57095336914062,318.572265625
2020-10-22,112.48303985595703,205.6571044921875,320.3198547363281
2020-10-23,111.7930908203125,206.9395294189453,321.40740966796875
2020-10-26,111.80281066894531,201.0537567138672,315.4678649902344
2020-10-27,113.30902862548828,204.08750915527344,314.38031005859375
2020-10-28,108.06146240234375,193.97169494628906,303.63507080078125
2020-10-29,112.06517791748047,195.9239959716797,306.72113037109375
2020-10-30,105.7874984741211,193.7707061767578,303.52349853515625
2020-11-02,105.70003509521484,193.63671875,306.9256286621094
2020-11-03,107.32290649414062,197.5605926513672,312.3446960449219
2020-11-04,111.70561981201172,207.09262084960938,319.32525634765625
2020-11-05,115.67046356201172,213.6961669921875,325.55303955078125
2020-11-06,115.53905487060547,214.10768127441406,325.47869873046875
2020-11-09,113.23197174072266,209.00668334960938,329.56854248046875
2020-11-10,112.89125061035156,201.94375610351562,329.085205078125
2020-11-11,116.31783294677734,207.24578857421875,331.52978515625
2020-11-12,116.04525756835938,206.18348693847656,328.313720703125
2020-11-13,116.09392547607422,207.2074737548828,332.8590393066406
2020-11-16,117.10631561279297,207.8965301513672,337.0140075683594
2020-11-17,116.22047424316406,205.24554443359375,335.2013854980469
2020-11-18,114.89656829833984,202.53965759277344,331.1672668457031
2020-11-19,115.4903793334961,203.825439453125,332.5615539550781
2020-11-20,114.22488403320312,201.87757873535156,330.2843017578125
2020-11-23,110.82754516601562,201.60890197753906,332.26409912109375
2020-11-24,112.11248779296875,205.20716857910156,337.61810302734375
2020-11-25,112.94966888427734,205.21676635742188,337.0976257324219
2020-11-27,113.49478149414062,206.521728515625,338.036376953125
2020-11-30,115.88951873779297,205.40867614746094,336.5398864746094
2020-12-01,119.46207427978516,207.4621124267578,340.2207336425781
2020-12-02,119.81250762939453,206.6560516357422,340.93646240234375
2020-12-03,119.67621612548828,205.5718231201172,340.84356689453125
2020-12-04,119.00452423095703,205.68695068359375,343.7807922363281
2020-12-07,120.46471405029297,205.61976623535156,343.0743103027344
2020-12-08,121.07799530029297,207.27017211914062,344.0782775878906
2020-12-09,118.54702758789062,203.2305145263672,340.99224853515625
2020-12-10,119.96824645996094,202.00228881835938,340.8807373046875
2020-12-11,119.16030883789062,204.6314697265625,340.4810791015625
2020-12-14,118.54702758789062,205.53341674804688,338.9566650390625
2020-12-15,124.48509979248047,205.4662322998047,343.5392150878906
2020-12-16,124.41693115234375,210.40785217285156,344.0782775878906
2020-12-17,125.28329467773438,210.54222106933594,346.0023193359375
2020-12-18,123.2974853515625,209.7457733154297,344.6208190917969
2020-12-21,124.8257827758789,213.5839385986328,343.3886413574219
2020-12-22,128.37889099121094,214.8793487548828,342.80987548828125
2020-12-23,127.48332977294922,212.07748413085938,343.1179504394531
2020-12-24,128.46649169921875,213.73748779296875,344.4527282714844
2020-12-28,133.0612030029297,215.8580780029297,347.4119567871094
2020-12-29,131.2895050048828,215.080810546875,346.7491455078125
2020-12-30,130.1700439453125,212.71078491210938,347.2438049316406
2020-12-31,129.16738891601562,213.42079162597656,349.0081787109375
2021-01-04,125.97444915771484,208.88223266601562,344.25677490234375
2021-01-05,127.531982421875,209.08370971679688,346.6277160644531
2021-01-06,123.23905181884766,203.66233825683594,348.7000427246094
2021-01-07,127.44437408447266,209.45791625976562,353.8809814453125
2021-01-08,128.54437255859375,210.734130859375,355.8972473144531
2021-01-11,125.55586242675781,208.69029235839844,353.49810791015625
2021-01-12,125.38065338134766,206.23388671875,353.5728454589844
2021-01-13,127.4151840209961,207.5868377685547,354.5250549316406
2021-01-14,125.48773956298828,204.40115356445312,353.283447265625
2021-01-15,123.76471710205078,204.0460968017578,350.7070007324219
2021-01-19,124.43641662597656,207.68276977539062,353.4608459472656
2021-01-20,128.52490234375,215.26312255859375,358.352294921875
2021-01-21,133.23641967773438,215.86769104003906,358.6789855957031
2021-01-22,135.37802124023438,216.8079833984375,357.4094543457031
2021-01-25,139.12582397460938,220.24314880371094,358.8189697265625
2021-01-26,139.35943603515625,222.9298858642578,358.25885009765625
2021-01-27,138.28866577148438,223.47682189941406,349.5028076171875
2021-01-28,133.45057678222656,229.26284790039062,352.5085754394531
2021-01-29,128.45677185058594,222.57484436035156,345.45159912109375
2021-02-01,130.57888793945312,229.9536895751953,351.2017822265625
2021-02-02,131.40631103515625,229.81936645507812,356.1678466796875
2021-02-03,130.38421630859375,233.16815185546875,356.4479064941406
2021-02-04,133.74261474609375,232.2182159423828,360.49920654296875
2021-02-05,133.32827758789062,232.4005126953125,361.9180603027344
2021-02-08,133.47451782226562,232.65963745117188,364.5318603515625
2021-02-09,132.5970916748047,233.90699768066406,364.2891540527344
2021-02-10,131.99264526367188,232.99546813964844,364.13043212890625
2021-02-11,131.7391815185547,234.59786987304688,364.7185363769531
2021-02-12,131.97314453125,235.07763671875,366.5201110839844
2021-02-16,129.8478240966797,233.83984375,366.2027893066406
2021-02-17,127.55680847167969,234.85926818847656,366.28680419921875
2021-02-18,126.45520782470703,234.46495056152344,364.7279052734375
2021-02-19,126.61113739013672,231.7528533935547,364.08380126953125
2021-02-22,122.83827209472656,225.53994750976562,361.2832946777344
2021-02-23,122.7017822265625,224.3473663330078,361.7220458984375
2021-02-24,122.20458221435547,225.57839965820312,365.7080078125
2021-02-25,117.95398712158203,220.23109436035156,356.89599609375
2021-02-26,118.21720886230469,223.4914093017578,355.05706787109375
2021-03-01,124.5833511352539,227.8769989013672,363.6636657714844
2021-03-02,121.98037719726562,224.9244384765625,360.82598876953125
2021-03-03,118.99713897705078,218.85574340820312,356.0465393066406
2021-03-04,117.11555480957031,218.05752563476562,351.6405334472656
2021-03-05,118.37319946289062,222.74127197265625,358.1095275878906
2021-03-08,113.44017791748047,218.69229125976562,356.3265380859375
2021-03-09,118.05146789550781,224.83782958984375,361.41400146484375
2021-03-10,116.96932220458984,223.52987670898438,363.6636657714844
2021-03-11,118.89965057373047,228.05975341796875,367.3509216308594
2021-03-12,117.99298095703125,226.73252868652344,367.8456115722656
2021-03-15,120.87871551513672,225.82847595214844,370.0393371582031
2021-03-16,122.4190673828125,228.61756896972656,369.5726623535156
2021-03-17,121.62940979003906,227.97312927246094,370.8327941894531
2021-03-18,117.50553131103516,221.8948974609375,365.4374084472656
2021-03-19,116.97908782958984,221.53903198242188,364.7611389160156
2021-03-22,120.29375457763672,226.96331787109375,367.6737060546875
2021-03-23,119.465087890625,228.4924774169922,364.7799072265625
2021-03-24,117.07657623291016,226.45359802246094,362.9255065917969
2021-03-25,117.56402587890625,223.4529266357422,364.9671630859375
2021-03-26,118.16846466064453,227.43460083007812,370.8486328125
2021-03-29,118.34396362304688,226.2420196533203,370.66131591796875
2021-03-30,116.891357421875,222.981689453125,369.677978515625
2021-03-31,119.08489227294922,226.75172424316406,371.1763916015625
2021-04-01,119.91356658935547,233.08006286621094,375.1847229003906
2021-04-05,122.74079132080078,239.5430145263672,380.5698547363281
2021-04-06,123.04302215576172,238.3793182373047,380.3450927734375
2021-04-07,124.69058227539062,240.34124755859375,380.7852783203125
2021-04-08,127.08885955810547,243.5631103515625,382.5926818847656
2021-04-09,129.6626434326172,246.06370544433594,385.3742370605469
2021-04-12,127.9468002319336,246.12136840820312,385.5148010253906
2021-04-13,131.05674743652344,248.6026611328125,386.65728759765625
2021-04-14,128.71697998046875,245.81361389160156,385.3367919921875
2021-04-15,131.12496948242188,249.57403564453125,389.47625732421875
2021-04-16,130.7935333251953,250.76663208007812,390.7780456542969
2021-04-19,131.45648193359375,248.84315490722656,388.85809326171875
2021-04-20,129.76988220214844,248.38148498535156,386.010986328125
2021-04-21,130.15008544921875,250.6127471923828,389.6636047363281
2021-04-22,128.62921142578125,247.33319091796875,386.1047668457031
2021-04-23,130.9495391845703,251.1609649658203,390.29107666015625
2021-04-26,131.33949279785156,251.5455780029297,391.1058654785156
2021-04-27,131.0177459716797,251.94955444335938,391.0214538574219
2021-04-28,130.22805786132812,244.82301330566406,390.9091796875
2021-04-29,130.1305694580078,242.85140991210938,393.4002990722656
2021-04-30,128.16127014160156,242.53402709960938,390.8154296875
2021-05-03,129.2141571044922,242.22630310058594,391.6584167480469
2021-05-04,124.64185333251953,238.31198120117188,389.24212646484375
2021-05-05,124.88558197021484,237.04248046875,389.3639221191406
2021-05-06,126.48444366455078,240.17779541015625,392.4732360839844
2021-05-07,127.15824890136719,242.80335998535156,395.32958984375
2021-05-10,123.87700653076172,237.7252960205078,391.41485595703125
2021-05-11,122.95904541015625,236.81166076660156,387.9216613769531
2021-05-12,119.89263916015625,229.8582000732422,379.68011474609375
2021-05-13,122.04107666015625,233.7340545654297,384.2410888671875
2021-05-14,124.46294403076172,238.65821838378906,390.1412658691406
2021-05-17,123.31060028076172,235.8017578125,389.1484680175781
2021-05-18,121.92388153076172,233.78211975097656,385.79571533203125
2021-05-19,121.76763153076172,234.36048889160156,384.7841796875
2021-05-20,124.32622528076172,237.59945678710938,388.9237060546875
2021-05-21,122.49028015136719,236.336669921875,388.6052551269531
2021-05-24,124.12113952636719,241.7445526123047,392.5667724609375
2021-05-25,123.92581939697266,242.65065002441406,391.6958312988281
2021-05-26,123.87700653076172,242.42897033691406,392.4732360839844
2021-05-27,122.34379577636719,240.32748413085938,392.6792297363281
2021-05-28,121.68950653076172,240.6841583251953,393.3815612792969
2021-06-01,121.36724090576172,238.48629760742188,393.0350341796875
2021-06-02,122.12895202636719,238.38987731933594,393.6531677246094
2021-06-03,120.64456939697266,236.85720825195312,392.19219970703125
2021-06-04,122.93949127197266,241.754150390625,395.77911376953125
2021-06-07,122.94927978515625,244.66534423828125,395.3951721191406
2021-06-08,123.76956939697266,243.4700469970703,395.47943115234375
2021-06-09,124.15044403076172,244.45326232910156,394.889404296875
2021-06-10,123.15434265136719,247.9717559814453,396.72503662109375
2021-06-11,124.36527252197266,248.59835815429688,397.3805847167969
2021-06-14,127.42186737060547,250.5263214111328,398.270263671875
2021-06-15,126.60159301757812,249.0514678955078,397.539794921875
2021-06-16,127.09967041015625,248.1067352294922,395.3201599121094
2021-06-17,128.70118713378906,251.49993896484375,395.18914794921875
2021-06-18,127.40238952636719,250.08285522460938,389.8578796386719
2021-06-21,129.19924926757812,253.16761779785156,395.4389953613281
2021-06-22,130.8398895263672,255.9438018798828,397.5531921386719
2021-06-23,130.56649780273438,255.71240234375,397.0739440917969
2021-06-24,130.28326416015625,257.0812683105469,399.4229431152344
2021-06-25,129.9903106689453,255.47145080566406,400.84173583984375
2021-06-28,131.62112426757812,259.03814697265625,401.6498718261719
2021-06-29,133.13482666015625,261.6216125488281,401.8659362792969
2021-06-30,133.7500762939453,261.1396179199219,402.2041931152344
2021-07-01,134.0527801513672,261.8144226074219,404.4310302734375
2021-07-02,136.67974853515625,267.6463928222656,407.5223388671875
2021-07-06,138.69146728515625,267.6560974121094,406.780029296875
2021-07-07,141.1817169189453,269.8442687988281,408.21759033203125
2021-07-08,139.8828582763672,267.4247131347656,404.8913879394531
2021-07-09,141.70899963378906,267.92596435546875,409.21356201171875
2021-07-12,141.1133270263672,267.3282775878906,410.6793212890625
2021-07-13,142.2265625,270.8564758300781,409.279296875
2021-07-14,145.6543731689453,272.3313903808594,409.8900451660156
2021-07-15,145.00006103515625,270.9046936035156,408.4901428222656
2021-07-16,142.9590301513672,270.634765625,405.2861022949219
2021-07-19,139.1113739013672,267.0294189453125,399.3008117675781
2021-07-20,142.72463989257812,269.25628662109375,405.0229187011719
2021-07-21,141.99224853515625,271.2613525390625,408.3020935058594
2021-07-22,143.35943603515625,275.83050537109375,409.15716552734375
2021-07-23,145.07815551757812,279.2334289550781,413.3665466308594
2021-07-26,145.49810791015625,278.63568115234375,414.3813171386719
2021-07-27,143.33016967773438,276.21612548828125,412.4927673339844
2021-07-28,141.5820770263672,275.90765380859375,412.3235778808594
2021-07-29,142.2265625,276.1775207519531,414.03369140625
2021-07-30,142.4414825439453,274.64483642578125,412.0230407714844
2021-08-02,142.1094512939453,274.55816650390625,411.15850830078125
2021-08-03,143.9063262939453,276.7752685546875,414.5035095214844
2021-08-04,143.5059051513672,276.18719482421875,412.464599609375
2021-08-05,143.61334228515625,279.0887451171875,415.07666015625
2021-08-06,142.92868041992188,279.03094482421875,415.76251220703125
2021-08-09,142.8798065185547,277.9416809082031,415.42431640625
2021-08-10,142.40060424804688,276.1197509765625,415.94110107421875
2021-08-11,142.6548614501953,276.6112976074219,416.97467041015625
2021-08-12,145.6182861328125,279.3681945800781,418.22430419921875
2021-08-13,145.82374572753906,282.2987976074219,418.98541259765625
2021-08-16,147.79928588867188,283.9857177734375,419.9719543457031
2021-08-17,146.88970947265625,282.5204162597656,417.21893310546875
2021-08-18,143.14389038085938,280.7916259765625,412.65252685546875
2021-08-19,143.4763946533203,286.62518310546875,413.2914123535156
2021-08-20,144.9336700439453,293.9556884765625,416.58001708984375
2021-08-23,146.42027282714844,294.2357482910156,420.2444152832031
2021-08-24,146.33226013183594,292.2752685546875,420.91156005859375
2021-08-25,145.09994506835938,291.68609619140625,421.7947998046875
2021-08-26,144.29795837402344,288.86590576171875,419.30487060546875
2021-08-27,145.33468627929688,289.4743347167969,423.0538024902344
2021-08-30,149.75535583496094,293.2120361328125,424.9142150878906
2021-08-31,148.49371337890625,291.56048583984375,424.28466796875
2021-09-01,149.15872192382812,291.5122375488281,424.51019287109375
2021-09-02,150.273681640625,290.85546875,425.8162536621094
2021-09-03,150.909423828125,290.8458557128906,425.7128601074219
2021-09-07,153.2468719482422,289.9186096191406,424.1907653808594
2021-09-08,151.7016143798828,289.9476013183594,423.6739807128906
2021-09-09,150.68447875976562,287.08880615234375,421.8605651855469
2021-09-10,145.69654846191406,285.60150146484375,418.53436279296875
2021-09-13,146.2637939453125,286.83770751953125,419.6054992675781
2021-09-14,144.86521911621094,289.5419921875,417.34112548828125
2021-09-15,145.75521850585938,294.4000244140625,420.8270263671875
2021-09-16,145.5204620361328,294.78631591796875,420.1598815917969
2021-09-17,142.8504638671875,289.61920166015625,416.06707763671875
2021-09-20,139.79904174804688,284.2396545410156,409.1295471191406
2021-09-21,140.27825927734375,284.7224426269531,408.74310302734375
2021-09-22,142.64508056640625,288.3733215332031,412.7301940917969
2021-09-23,143.6035614013672,289.31982421875,417.7449645996094
2021-09-24,143.6915740966797,289.1169738769531,418.4330139160156
2021-09-27,142.17564392089844,284.1141052246094,417.2359924316406
2021-09-28,138.79165649414062,273.828125,408.827880859375
2021-09-29,139.69149780273438,274.291748046875,409.5159606933594
2021-09-30,138.39068603515625,272.2828063964844,404.5107727050781
2021-10-01,139.51541137695312,279.2173767089844,409.3179626464844
2021-10-04,136.08255004882812,273.43218994140625,404.0394287109375
2021-10-05,138.00924682617188,278.8890380859375,408.243408203125
2021-10-06,138.87969970703125,283.0902404785156,409.9401550292969
2021-10-07,140.141357421875,284.77081298828125,413.4843444824219
2021-10-08,139.75991821289062,284.77081298828125,412.7301940917969
2021-10-11,139.67189025878906,284.1720275878906,409.74212646484375
2021-10-12,138.4004669189453,282.86822509765625,408.73358154296875
2021-10-13,137.8136444091797,286.18084716796875,410.2040710449219
2021-10-14,140.6010284423828,292.4007873535156,417.10394287109375
2021-10-15,141.65731811523438,293.8108215332031,420.2805480957031
2021-10-18,143.32974243164062,296.7855529785156,421.5247497558594
2021-10-19,145.4911346435547,297.6934509277344,424.77679443359375
2021-10-20,145.9801483154297,296.9014892578125,426.4451904296875
2021-10-21,146.19532775878906,300.1369934082031,427.5574951171875
2021-10-22,145.42269897460938,298.59161376953125,427.11444091796875
2021-10-25,145.3738250732422,297.59686279296875,429.4049377441406
2021-10-26,146.03884887695312,299.5091247558594,429.79144287109375
2021-10-27,145.57916259765625,312.12274169921875,427.8873596191406
2021-10-28,149.21742248535156,313.26239013671875,432.0160217285156
2021-10-29,146.50833129882812,320.28387451171875,432.8926086425781
2021-11-01,145.6867218017578,318.11083984375,433.6372985839844
2021-11-02,146.72348022460938,321.7422790527344,435.39056396484375
2021-11-03,148.16119384765625,322.5826110839844,438.0487365722656
2021-11-04,147.642822265625,324.9391784667969,440.113037109375
2021-11-05,148.1717071533203,324.5721435546875,441.6400451660156
2021-11-08,147.34898376464844,325.4702453613281,442.01715087890625
2021-11-09,147.7113800048828,324.4658508300781,440.55609130859375
2021-11-10,144.88076782226562,319.491943359375,437.0118103027344
2021-11-11,144.83177185058594,321.06622314453125,437.1531677246094
2021-11-12,146.90821838378906,325.2095031738281,440.4522705078125
2021-11-15,146.91802978515625,324.5816955566406,440.6031799316406
2021-11-16,147.89749145507812,327.9042053222656,442.3470153808594
2021-11-17,150.33631896972656,328.126708984375,441.27239990234375
2021-11-18,154.6262969970703,330.2070007324219,442.7711181640625
2021-11-19,157.25125122070312,331.9873962402344,441.97930908203125
2021-11-22,157.71160888671875,328.81365966796875,440.73516845703125
2021-11-23,158.0935821533203,326.73345947265625,441.319580078125
2021-11-24,158.6127166748047,326.9559631347656,442.497802734375
2021-11-26,153.5880889892578,318.99273681640625,432.6286926269531
2021-11-29,156.9476318359375,325.7174987792969,437.935546875
2021-11-30,161.9036407470703,319.87322998046875,429.4143981933594
2021-12-01,161.38453674316406,319.3797912597656,424.6448059082031
2021-12-02,160.39527893066406,318.8089294433594,431.1487731933594
2021-12-03,158.51473999023438,312.53900146484375,427.39715576171875
2021-12-06,161.9232635498047,315.6158752441406,432.458984375
2021-12-07,167.66281127929688,324.0628356933594,441.40435791015625
2021-12-08,171.48269653320312,324.1112365722656,442.57318115234375
2021-12-09,170.97340393066406,322.3018493652344,439.5851745605469
2021-12-10,175.76290893554688,331.43585205078125,443.7231750488281
2021-12-13,172.12918090820312,328.39764404296875,439.7925720214844
2021-12-14,170.74810791015625,317.6961975097656,436.7667236328125
2021-12-15,175.6160125732422,323.80157470703125,443.5911865234375
2021-12-16,168.7206573486328,314.3677062988281,439.6794128417969
2021-12-17,167.62367248535156,313.3033447265625,434.9999694824219
2021-12-20,166.26223754882812,309.5394592285156,430.3744201660156
2021-12-21,169.43563842773438,316.6802062988281,438.0174560546875
2021-12-22,172.03121948242188,322.3986511230469,442.3970031738281
2021-12-23,172.65805053710938,323.8403625488281,445.149658203125
2021-12-27,176.62484741210938,331.3487548828125,451.4494934082031
2021-12-28,175.60621643066406,330.1876525878906,451.08050537109375
2021-12-29,175.69436645507812,330.86505126953125,451.6575927734375
2021-12-30,174.53858947753906,328.3203125,450.4090270996094
2021-12-31,173.9215545654297,325.4175109863281,449.2738037109375
2022-01-03,178.27032470703125,323.8984069824219,451.8752136230469
2022-01-04,176.0077667236328,318.34442138671875,451.7237854003906
2022-01-05,171.32598876953125,306.1239013671875,443.0496826171875
2022-01-06,168.46595764160156,303.7049255371094,442.633544921875
2022-01-07,168.6324920654297,303.8597412109375,440.883544921875
2022-01-10,168.65211486816406,304.08221435546875,440.33489990234375
2022-01-11,171.48269653320312,304.7692565917969,444.34564208984375
2022-01-12,171.92343139648438,307.9525451660156,445.5469665527344
2022-01-13,168.65211486816406,294.9192810058594,439.4079284667969
2022-01-14,169.5140380859375,300.1442565917969,439.5876770019531
2022-01-18,166.3112335205078,292.8389892578125,431.8027038574219
2022-01-19,162.81454467773438,293.496826171875,427.319091796875
2022-01-20,161.12991333007812,291.8230285644531,422.5895080566406
2022-01-21,159.07302856445312,286.43353271484375,414.2937316894531
2022-01-24,158.2992401123047,286.7625732421875,416.05316162109375
2022-01-25,156.49708557128906,279.1379699707031,410.97357177734375
2022-01-26,156.40890502929688,287.09149169921875,409.9425354003906
2022-01-27,155.94857788085938,290.12005615234375,407.91827392578125
2022-01-28,166.8302764892578,298.2671203613281,418.049072265625
2022-01-31,171.18887329101562,300.89892578125,425.57855224609375
2022-02-01,171.0223846435547,298.7509460449219,428.4542236328125
2022-02-02,172.22708129882812,303.2984924316406,432.6162109375
2022-02-03,169.3475341796875,291.48431396484375,422.4476318359375
2022-02-04,169.06307983398438,296.0223693847656,424.4340515136719
2022-02-07,168.34719848632812,291.1940612792969,423.0718994140625
2022-02-08,171.45602416992188,294.68707275390625,426.5528869628906
2022-02-09,172.8780517578125,301.1214599609375,432.7960205078125
2022-02-10,168.79832458496094,292.57769775390625,425.0205383300781
2022-02-11,165.38546752929688,285.47564697265625,416.6396484375
2022-02-14,165.62086486816406,285.4369812011719,415.2774658203125
2022-02-15,169.45538330078125,290.72967529296875,421.974609375
2022-02-16,169.2200164794922,290.3902282714844,422.4476318359375
2022-02-17,165.62086486816406,281.8870544433594,413.4235534667969
2022-02-18,164.07131958007812,279.17218017578125,410.74658203125
2022-02-22,161.14883422851562,278.96856689453125,406.33856201171875
2022-02-23,156.98086547851562,271.7452697753906,399.1307373046875
2022-02-24,159.599365234375,285.629638671875,405.13726806640625
2022-02-25,161.66859436035156,288.26690673828125,414.07623291015625
2022-02-28,161.93336486816406,289.7019348144531,413.016845703125
2022-03-01,160.05047607421875,285.9786376953125,406.7264099121094
2022-03-02,163.34561157226562,291.0591735839844,414.20867919921875
2022-03-03,163.02197265625,286.9191589355469,412.1465759277344
2022-03-04,160.02102661132812,281.04345703125,408.7979736328125
2022-03-07,156.22573852539062,270.426513671875,396.7469482421875
2022-03-08,154.401611328125,267.4595947265625,393.7389221191406
2022-03-09,159.80526733398438,279.7248229980469,404.29541015625
2022-03-10,155.4607696533203,276.9033508300781,402.4697570800781
2022-03-11,151.74391174316406,271.55133056640625,397.35235595703125
2022-03-14,147.71324157714844,268.03167724609375,394.44842529296875
2022-03-15,152.0969696044922,278.4159240722656,403.12249755859375
2022-03-16,156.51010131835938,285.4357604980469,412.0614318847656
2022-03-17,157.52023315429688,286.240478515625,417.2166748046875
2022-03-18,160.8154296875,291.2920227050781,421.78631591796875
2022-03-21,162.1884002685547,290.0606994628906,421.6629943847656
2022-03-22,165.56201171875,294.8116760253906,426.59710693359375
2022-03-23,166.9251708984375,290.380615234375,421.1031494140625
2022-03-24,170.71067810058594,294.8503112792969,427.4510803222656
2022-03-25,171.34812927246094,294.443115234375,429.5385437011719
2022-03-28,172.21115112304688,301.2496337890625,432.5939025878906
2022-03-29,175.50633239746094,305.8163146972656,437.9453430175781
2022-03-30,174.33926391601562,304.3134765625,435.2411804199219
2022-03-31,171.24026489257812,298.9323425292969,428.542236328125
2022-04-01,170.94606018066406,300.00860595703125,429.7568054199219
2022-04-04,174.99635314941406,305.38970947265625,433.43829345703125
2022-04-05,171.6815643310547,301.4241943359375,427.96343994140625
2022-04-06,168.51393127441406,290.3902282714844,423.6840515136719
2022-04-07,168.8179473876953,292.2033386230469,425.8189697265625
2022-04-08,166.8074951171875,287.9372863769531,424.6804504394531
2022-04-11,162.55125427246094,276.58343505859375,417.421630859375
2022-04-12,164.42440795898438,273.4806823730469,415.8749694824219
2022-04-13,167.11151123046875,278.8716125488281,420.6382751464844
2022-04-14,162.10009765625,271.31854248046875,415.4005432128906
2022-04-18,161.8843994140625,271.9875793457031,415.57135009765625
2022-04-19,164.1693878173828,276.6222229003906,422.2797546386719
2022-04-20,164.00270080566406,277.6499328613281,421.9666748046875
2022-04-21,163.2083282470703,272.26873779296875,415.65673828125
2022-04-22,158.66766357421875,265.6949462890625,404.25152587890625
2022-04-25,159.73663330078125,272.1815185546875,406.5951232910156
2022-04-26,153.77394104003906,262.0008544921875,394.81982421875
2022-04-27,153.5484161376953,274.6054992675781,395.9299621582031
2022-04-28,160.48194885253906,280.8204650878906,405.9309387207031
2022-04-29,154.60755920410156,269.078857421875,390.929443359375
2022-05-02,154.91159057617188,275.8174133300781,393.2826843261719
2022-05-03,156.4022216796875,273.2092590332031,395.08551025390625
2022-05-04,162.81605529785156,281.1598815917969,407.1169738769531
2022-05-05,153.74456787109375,268.91400146484375,392.6469421386719
2022-05-06,154.47132873535156,266.37371826171875,390.30322265625
2022-05-09,149.3445281982422,256.5323791503906,377.8067626953125
2022-05-10,151.75079345703125,261.30279541015625,378.6797180175781
2022-05-11,143.88385009765625,252.62501525878906,372.66400146484375
2022-05-12,140.0142059326172,247.58319091796875,372.2749938964844
2022-05-13,144.48294067382812,253.17767333984375,381.17523193359375
2022-05-16,142.94094848632812,253.54611206054688,379.6285705566406
2022-05-17,146.57492065429688,258.70428466796875,387.437744140625
2022-05-18,138.30526733398438,246.9255828857422,371.8194580078125
2022-05-19,134.89727783203125,246.01205444335938,369.5422058105469
2022-05-20,135.13294982910156,245.44839477539062,369.70361328125
2022-05-23,140.5543670654297,253.31056213378906,376.6207580566406
2022-05-24,137.8534698486328,252.30958557128906,373.7456359863281
2022-05-25,138.0106201171875,255.1278839111328,377.0477294921875
2022-05-26,141.21241760253906,258.4127502441406,384.58160400390625
2022-05-27,146.9677734375,265.54608154296875,394.0227966308594
2022-05-31,146.1820526123047,264.2146301269531,391.81195068359375
2022-06-01,146.0543670654297,264.7491760253906,388.6427307128906
2022-06-02,148.50973510742188,266.8482971191406,396.04388427734375
2022-06-03,142.78382873535156,262.41668701171875,389.544189453125
2022-06-06,143.53028869628906,261.1825256347656,390.7302551269531
2022-06-07,146.0543670654297,264.8269348144531,394.4781799316406
2022-06-08,145.31776428222656,262.79571533203125,390.1893310546875
2022-06-09,140.09278869628906,257.333984375,380.9095458984375
2022-06-10,134.68116760253906,245.86627197265625,369.8647766113281
2022-06-13,129.52490234375,235.43838500976562,355.8217468261719
2022-06-14,130.3892059326172,237.60560607910156,354.7495422363281
2022-06-15,133.0115203857422,244.67091369628906,359.8070068359375
2022-06-16,127.7374267578125,238.07208251953125,347.8988037109375
2022-06-17,129.21060180664062,240.6766357421875,348.64874267578125
2022-06-21,133.44361877441406,246.59518432617188,357.4254455566406
2022-06-22,132.93296813964844,246.00233459472656,356.77752685546875
2022-06-23,135.80081176757812,251.57098388671875,360.2747497558594
2022-06-24,139.13023376464844,260.162109375,371.7293395996094
2022-06-27,139.13023376464844,257.43121337890625,370.3094787597656
2022-06-28,134.98561096191406,249.2580108642578,362.74298095703125
2022-06-29,136.74366760253906,252.9315643310547,362.4476013183594
2022-06-30,134.2784423828125,249.59812927246094,359.5029602050781
2022-07-01,136.44900512695312,252.27072143554688,363.3052062988281
2022-07-05,139.0320281982422,255.44862365722656,363.9913330078125
2022-07-06,140.36776733398438,258.7140197753906,365.2206726074219
2022-07-07,143.73651123046875,260.8423156738281,370.690673828125
2022-07-08,144.4141845703125,260.1231994628906,370.3857116699219
2022-07-11,142.28294372558594,257.0618896484375,366.1546325683594
2022-07-12,143.25526428222656,246.527099609375,362.9145202636719
2022-07-13,142.89186096191406,245.60386657714844,361.0086364746094
2022-07-14,145.81863403320312,246.9255828857422,360.1319274902344
2022-07-15,147.48829650878906,249.4912567138672,367.0122985839844
2022-07-18,144.44366455078125,247.0907745361328,363.9818420410156
2022-07-19,148.30349731445312,252.22207641601562,373.81634521484375
2022-07-20,150.3070526123047,254.88491821289062,376.19873046875
2022-07-21,152.57582092285156,257.3825988769531,380.0296630859375
2022-07-22,151.33827209472656,253.0286865234375,376.503662109375
2022-07-25,150.2186737060547,251.54183959960938,376.96112060546875
2022-07-26,148.89276123046875,244.80694580078125,372.5013427734375
2022-07-27,153.9900665283203,261.1727294921875,382.1737976074219
2022-07-28,154.5400848388672,268.6268615722656,386.9671936035156
2022-07-29,159.60792541503906,272.8348693847656,392.6086730957031
2022-08-01,158.6257781982422,270.1817626953125,391.446044921875
2022-08-02,157.1525421142578,267.0815734863281,388.8635559082031
2022-08-03,163.1632843017578,274.5162048339844,394.95294189453125
2022-08-04,162.8489990234375,275.6629333496094,394.6861877441406
2022-08-05,162.62278747558594,274.9437561035156,394.0190124511719
2022-08-08,162.1507110595703,272.42669677734375,393.5616149902344
2022-08-09,162.19989013671875,274.3509521484375,391.9988098144531
2022-08-10,166.44866943359375,281.0177917480469,400.2323303222656
2022-08-11,165.71102905273438,278.93804931640625,400.2323303222656
2022-08-12,169.26145935058594,283.69036865234375,407.0078125
2022-08-15,170.33348083496094,285.20648193359375,408.68505859375
2022-08-16,170.17613220214844,284.4677734375,409.4855651855469
2022-08-17,171.67105102539062,283.7179260253906,406.57904052734375
2022-08-18,171.2776336669922,282.59796142578125,407.7607116699219
2022-08-19,168.69105529785156,278.6828308105469,402.2812194824219
2022-08-22,164.8061981201172,270.50201416015625,393.9046936035156
2022-08-23,164.47177124023438,269.2262268066406,392.9517822265625
2022-08-24,164.766845703125,268.5932312011719,394.20965576171875
2022-08-25,167.22560119628906,271.57330322265625,399.77490234375
2022-08-26,160.92132568359375,261.0941162109375,386.242919921875
2022-08-29,158.71826171875,258.30877685546875,383.68902587890625
2022-08-30,156.28903198242188,256.1076965332031,379.4769287109375
2022-08-31,154.6268768310547,254.6468963623047,376.5894775390625
2022-09-01,155.3546905517578,253.6047821044922,377.77117919921875
2022-09-02,153.24012756347656,249.37802124023438,373.7877502441406
2022-09-06,151.98123168945312,246.641357421875,372.3774108886719
2022-09-07,153.38766479492188,251.35504150390625,379.0671691894531
2022-09-08,151.91241455078125,251.7738037109375,381.5448303222656
2022-09-09,154.77439880371094,257.55877685546875,387.47222900390625
2022-09-12,160.73448181152344,259.69171142578125,391.63665771484375
2022-09-13,151.30262756347656,245.4142608642578,374.6073303222656
2022-09-14,152.74839782714844,245.63821411132812,376.0367736816406
2022-09-15,149.85684204101562,238.97674560546875,371.76751708984375
2022-09-16,148.21441650390625,238.3534698486328,368.93133544921875
2022-09-19,151.9320526123047,238.13917541503906,371.7923583984375
2022-09-20,154.31216430664062,236.1232452392578,367.5247497558594
2022-09-21,151.1845703125,232.71450805664062,361.1136779785156
2022-09-22,150.2207794189453,234.69155883789062,358.0804138183594
2022-09-23,147.94882202148438,231.7113800048828,352.08087158203125
2022-09-26,148.28326416015625,231.25364685058594,348.5977783203125
2022-09-27,149.25694274902344,230.24081420898438,347.70794677734375
2022-09-28,147.36862182617188,234.7792205810547,354.549560546875
2022-09-29,140.13003540039062,231.30235290527344,347.1434020996094
2022-09-30,135.92059326171875,226.82240295410156,341.7752990722656
2022-10-03,140.10049438476562,234.45782470703125,350.7986145019531
2022-10-04,143.69029235839844,242.38539123535156,361.6687316894531
2022-10-05,143.98533630371094,242.69703674316406,360.82666015625
2022-10-06,143.03135681152344,240.34994506835938,357.1043701171875
2022-10-07,137.77940368652344,228.12744140625,347.1434020996094
2022-10-10,138.1039581298828,223.26763916015625,344.4928283691406
2022-10-11,136.6876983642578,219.52783203125,342.3111572265625
2022-10-12,136.0582733154297,219.85897827148438,341.18206787109375
2022-10-13,140.631591796875,228.12744140625,350.1861877441406
2022-10-14,136.09764099121094,222.59568786621094,342.2059326171875
2022-10-17,140.0611572265625,231.3315887451172,350.9995422363281
2022-10-18,141.3790740966797,232.27630615234375,355.1236877441406
2022-10-19,141.4872589111328,230.30899047851562,352.6071472167969
2022-10-20,141.02499389648438,229.98760986328125,349.650390625
2022-10-21,144.84103393554688,235.8018341064453,358.1474609375
2022-10-24,146.98504638671875,240.79795837402344,362.5298767089844
2022-10-25,149.82737731933594,244.11895751953125,368.31890869140625
2022-10-26,146.88670349121094,225.2836456298828,365.54400634765625
2022-10-27,142.41175842285156,220.8328857421875,363.59197998046875
2022-10-28,153.1713104248047,229.71490478515625,372.2420959472656
2022-10-31,150.81088256835938,226.07252502441406,369.55328369140625
2022-11-01,148.16525268554688,222.2158203125,367.9362487792969
2022-11-02,142.63796997070312,214.35643005371094,358.702392578125
2022-11-03,136.5894012451172,208.65907287597656,355.0088806152344
2022-11-04,136.3234100341797,215.61277770996094,360.1185607910156
2022-11-07,136.8553466796875,221.9236297607422,363.5632629394531
2022-11-08,137.42674255371094,222.8975372314453,365.5248718261719
2022-11-09,132.86557006835938,218.65133666992188,357.99432373046875
2022-11-10,144.6872100830078,236.63934326171875,377.6675720214844
2022-11-11,147.4751434326172,240.6615753173828,381.3228454589844
2022-11-14,146.07626342773438,235.24667358398438,378.0789794921875
2022-11-15,147.81008911132812,235.65573120117188,381.3036804199219
2022-11-16,146.57867431640625,236.08541870117188,378.39483642578125
2022-11-17,148.47999572753906,236.03660583496094,377.2369689941406
2022-11-18,149.04150390625,235.58734130859375,378.94976806640625
2022-11-21,145.81028747558594,236.39796447753906,377.57183837890625
2022-11-22,147.9480438232422,239.30836486816406,382.6528625488281
2022-11-23,148.82479858398438,241.79885864257812,385.0641784667969
2022-11-25,145.9087677001953,241.7109375,384.9780578613281
2022-11-28,142.0766143798828,236.11474609375,378.8349914550781
2022-11-29,139.0718994140625,234.7181396484375,378.18426513671875
2022-11-30,145.82992553710938,249.1823272705078,390.0972595214844
2022-12-01,146.10581970214844,248.74282836914062,389.8102722167969
2022-12-02,145.61326599121094,249.06512451171875,389.3605041503906
2022-12-05,144.4508056640625,244.357666015625,382.35626220703125
2022-12-06,140.78607177734375,239.3962860107422,376.8446350097656
2022-12-07,138.84535217285156,238.66380310058594,376.2035827636719
2022-12-08,140.5299072265625,241.62301635742188,379.15069580078125
2022-12-09,140.0472412109375,239.68927001953125,376.31842041015625
2022-12-12,142.3426055908203,246.61373901367188,381.74383544921875
2022-12-13,143.30801391601562,250.92074584960938,384.633544921875
2022-12-14,141.0816192626953,251.2137451171875,382.1744384765625
2022-12-15,134.47132873535156,243.19544982910156,372.8258056640625
2022-12-16,132.51087951660156,238.97633361816406,368.4241638183594
2022-12-19,130.40269470214844,234.8353271484375,365.300048828125
2022-12-20,130.33375549316406,236.15380859375,365.7999572753906
2022-12-21,133.43695068359375,238.72238159179688,371.26953125
2022-12-22,130.26480102539062,232.62808227539062,365.9729309082031
2022-12-23,129.90028381347656,233.155517578125,368.0781555175781
2022-12-27,128.09750366210938,231.4268035888672,366.6266174316406
2022-12-28,124.16678619384766,229.0535430908203,362.0702209472656
2022-12-29,127.68373107910156,235.3822479248047,368.5875549316406
2022-12-30,127.99894714355469,234.22006225585938,367.61669921875
2023-01-03,123.21121215820312,233.98565673828125,366.06903076171875
2023-01-04,124.48202514648438,223.75035095214844,368.89520263671875
2023-01-05,123.16194152832031,217.118896484375,364.68487548828125
2023-01-06,127.69359588623047,219.67770385742188,373.0478820800781
2023-01-09,128.2156982421875,221.8165740966797,372.83636474609375
2023-01-10,128.78707885742188,223.50621032714844,375.4510192871094
2023-01-11,131.50607299804688,230.2646026611328,380.19970703125
2023-01-12,131.42723083496094,232.9405975341797,381.5838928222656
2023-01-13,132.75718688964844,233.64381408691406,383.0642395019531
2023-01-17,133.91966247558594,234.7376708984375,382.3625183105469
2023-01-18,133.20050048828125,230.30364990234375,376.3257751464844
2023-01-19,133.25961303710938,226.51425170898438,373.586181640625
2023-01-20,135.8209686279297,234.6107177734375,380.5456848144531
2023-01-23,139.01284790039062,236.9156036376953,385.1117248535156
2023-01-24,140.41171264648438,236.38816833496094,384.69842529296875
2023-01-25,139.7516632080078,234.99159240722656,384.8426208496094
2023-01-26,141.82046508789062,242.2090301513672,389.0721740722656
2023-01-27,143.76119995117188,242.3653106689453,389.9661560058594
2023-01-30,140.8747100830078,237.04258728027344,385.0732727050781
2023-01-31,142.1455535888672,242.0234375,390.7351379394531
2023-02-01,143.26858520507812,246.8480987548828,394.8878173828125
2023-02-02,148.57850646972656,258.42144775390625,400.63616943359375
2023-02-03,152.20382690429688,252.31735229492188,396.3778381347656
2023-02-06,149.47499084472656,250.77423095703125,393.95538330078125
2023-02-07,152.3515625,261.3123474121094,399.1077575683594
2023-02-08,149.66217041015625,260.501708984375,394.74359130859375
2023-02-09,148.6277618408203,257.46429443359375,391.3215026855469
2023-02-10,148.99282836914062,256.9564208984375,392.2347106933594
2023-02-13,151.79490661621094,264.9844970703125,396.8391418457031
2023-02-14,151.15357971191406,265.8146057128906,396.65655517578125
2023-02-15,153.255126953125,263.6900329589844,397.94464111328125
2023-02-16,151.65675354003906,256.669921875,392.46539306640625
2023-02-17,150.51226806640625,252.66539001464844,391.4848937988281
2023-02-21,146.4966278076172,247.38807678222656,383.63134765625
2023-02-22,146.9208984375,246.2523193359375,383.1026916503906
2023-02-23,147.4043426513672,249.4441680908203,385.14056396484375
2023-02-24,144.75027465820312,244.01019287109375,381.0263366699219
2023-02-27,145.944091796875,244.93055725097656,382.3240661621094
2023-02-28,145.44088745117188,244.20599365234375,380.91107177734375
2023-03-01,143.3689727783203,241.1218719482422,379.44989013671875
2023-03-02,143.96096801757812,245.86068725585938,382.4009094238281
2023-03-03,149.01255798339844,249.95327758789062,388.5338439941406
2023-03-06,151.77516174316406,251.50027465820312,388.8030090332031
2023-03-07,149.57496643066406,248.83712768554688,382.8431701660156
2023-03-08,150.82797241210938,248.39654541015625,383.468017578125
2023-03-09,148.57843017578125,247.04537963867188,376.39306640625
2023-03-10,146.51637268066406,243.39337158203125,370.96197509765625
2023-03-13,148.4600372314453,248.6119384765625,370.4332275390625
2023-03-14,150.55169677734375,255.33834838867188,376.5564880371094
2023-03-15,150.9463653564453,259.89111328125,374.2013854980469
2023-03-16,153.76817321777344,270.42620849609375,380.7668151855469
2023-03-17,152.9295196533203,273.588623046875,376.31463623046875
2023-03-20,155.2974853515625,266.5391540527344,379.9331359863281
2023-03-21,157.15235900878906,268.0567626953125,384.9218444824219
2023-03-22,155.7217254638672,266.5979309082031,378.3603210449219
2023-03-23,156.80703735351562,271.855712890625,379.383056640625
2023-03-24,158.10940551757812,274.704833984375,381.8725891113281
2023-03-27,156.16574096679688,270.6024475097656,382.58673095703125
2023-03-28,155.54412841796875,269.4765319824219,381.7278747558594
2023-03-29,158.62245178222656,274.6460876464844,387.2762756347656
2023-03-30,160.1912078857422,278.1120910644531,389.5439147949219
2023-03-31,162.69728088378906,282.2732238769531,395.0343017578125
2023-04-03,163.95030212402344,281.2256774902344,396.53961181640625
2023-04-04,163.4175567626953,281.1766662597656,394.33966064453125
2023-04-05,161.57247924804688,278.3960266113281,393.3071594238281
2023-04-06,162.46047973632812,285.5042724609375,394.8414001464844
2023-04-10,159.8656005859375,283.3404541015625,395.2466125488281
2023-04-11,158.65206909179688,276.9176025390625,395.3528137207031
2023-04-12,157.96142578125,277.5637512207031,393.7413024902344
2023-04-13,163.3484649658203,283.781005859375,398.9712829589844
2023-04-14,163.00315856933594,280.15838623046875,397.9966735839844
2023-04-17,163.0228729248047,282.76275634765625,399.4248046875
2023-04-18,164.24630737304688,282.341796875,399.6853332519531
2023-04-19,165.39080810546875,282.4200439453125,399.6178283691406
2023-04-20,164.42391967773438,280.1290283203125,397.43707275390625
2023-04-21,162.81568908691406,279.7863464355469,397.7458190917969
2023-04-24,163.12155151367188,275.8797607421875,398.1607360839844
2023-04-25,161.58236694335938,269.66253662109375,391.84039306640625
2023-04-26,161.57247924804688,289.1954345703125,390.18072509765625
2023-04-27,166.160400390625,298.45770263671875,397.9484558105469
2023-04-28,167.41342163085938,300.8368835449219,401.344970703125
2023-05-01,167.3246612548828,299.1724548339844,400.93975830078125
2023-05-02,166.2886505126953,299.0256042480469,396.4334716796875
2023-05-03,165.21324157714844,298.0366516113281,393.7123718261719
2023-05-04,163.5753936767578,299.0256042480469,390.92376708984375
2023-05-05,171.25146484375,304.156005859375,398.1607360839844
2023-05-08,171.18238830566406,302.1978454589844,398.2668762207031
2023-05-09,169.4755096435547,300.582275390625,396.52032470703125
2023-05-10,171.24159240722656,305.7813415527344,398.3730163574219
2023-05-11,171.42906188964844,303.6273193359375,397.6782531738281
2023-05-12,170.50035095214844,302.51116943359375,397.1572570800781
2023-05-15,170.00631713867188,302.9908447265625,398.52740478515625
2023-05-16,170.00631713867188,305.2232666015625,395.86419677734375
2023-05-17,170.618896484375,308.1080627441406,400.6695861816406
2023-05-18,172.9506072998047,312.54327392578125,404.529296875
2023-05-19,173.05926513671875,312.3665771484375,403.9406433105469
2023-05-22,172.11077880859375,315.1533508300781,404.104736328125
2023-05-23,169.50245666503906,309.34442138671875,399.56951904296875
2023-05-24,169.77908325195312,307.96087646484375,396.67474365234375
2023-05-25,170.91531372070312,319.8044128417969,400.10992431640625
2023-05-26,173.32601928710938,326.6436462402344,405.2915344238281
2023-05-30,175.17364501953125,324.9951171875,405.4459533691406
2023-05-31,175.12420654296875,322.2280578613281,403.19775390625
2023-06-01,177.93014526367188,326.3394470214844,407.02850341796875
2023-06-02,178.7798309326172,329.10650634765625,412.91461181640625
2023-06-05,177.42626953125,329.63641357421875,412.12335205078125
2023-06-06,177.0607147216797,327.4187927246094,413.02069091796875
2023-06-07,175.6873779296875,317.31207275390625,411.5926513671875
2023-06-08,178.40440368652344,319.15679931640625,414.08209228515625
2023-06-09,178.7897186279297,320.65814208984375,414.8250732421875
2023-06-12,181.5857696533203,325.62310791015625,418.58831787109375
2023-06-13,181.11154174804688,328.01739501953125,421.3481140136719
2023-06-14,181.7438507080078,331.01019287109375,421.849853515625
2023-06-15,183.7791290283203,341.5682678222656,427.0798034667969
2023-06-16,182.70223999023438,335.906494140625,425.62506103515625
2023-06-20,182.7911376953125,331.706787109375,423.4168701171875
2023-06-21,181.7537384033203,327.30108642578125,421.24737548828125
2023-06-22,184.75726318359375,333.33563232421875,422.7679748535156
2023-06-23,184.44110107421875,328.733642578125,419.5718688964844
2023-06-26,183.04803466796875,322.43414306640625,417.8575744628906
2023-06-27,185.80453491210938,328.2921447753906,422.4386901855469
2023-06-28,186.9802703857422,329.548095703125,422.6517639160156
2023-06-29,187.3162078857422,328.7630920410156,424.31756591796875
2023-06-30,191.6436767578125,334.1501159667969,429.3248291015625
2023-07-03,190.1518096923828,331.6479187011719,429.8187561035156
2023-07-05,189.0353546142578,331.8049011230469,429.1795349121094
2023-07-06,189.50958251953125,334.8663330078125,425.8188171386719
2023-07-07,188.3931427001953,330.8924255371094,424.74371337890625
2023-07-10,186.3479766845703,325.6034851074219,425.8188171386719
2023-07-11,185.8243408203125,326.2315368652344,428.5306396484375
2023-07-12,187.49404907226562,330.87274169921875,431.9785461425781
2023-07-13,188.25482177734375,336.2303161621094,435.4071044921875
2023-07-14,188.4030303955078,338.7618713378906,435.13592529296875
2023-07-17,191.6634521484375,339.2427062988281,436.6468200683594
2023-07-18,191.4065704345703,352.7445068359375,439.891357421875
2023-07-19,192.7601318359375,348.417236328125,440.86956787109375
2023-07-20,190.81375122070312,340.36126708984375,437.9445495605469
2023-07-21,189.63804626464844,337.3194885253906,437.9445495605469
2023-07-24,190.43832397460938,338.63427734375,439.90106201171875
2023-07-25,191.29788208007812,344.3941650390625,441.10205078125
2023-07-26,192.1673126220703,331.4320373535156,441.1697998046875
2023-07-27,190.9027099609375,324.51434326171875,438.244873046875
2023-07-28,193.4813690185547,332.0207824707031,442.5354309082031
2023-07-31,194.0939178466797,329.61676025390625,443.3780212402344
2023-08-01,193.26400756835938,330.02886962890625,442.1092529296875
2023-08-02,190.27035522460938,321.3547668457031,435.959228515625
2023-08-03,188.8772735595703,320.530517578125,434.7098083496094
2023-08-04,179.80735778808594,321.6294860839844,432.7437438964844
2023-08-07,176.70504760742188,323.915771484375,436.52093505859375
2023-08-08,177.6436004638672,319.93194580078125,434.62261962890625
2023-08-09,176.05291748046875,316.18365478515625,431.71710205078125
2023-08-10,175.8355712890625,316.87054443359375,431.8719787597656
2023-08-11,175.89495849609375,314.9865417480469,431.6202392578125
2023-08-14,177.547119140625,317.95965576171875,434.0027770996094
2023-08-15,175.55857849121094,315.8205261230469,428.9471435546875
2023-08-16,174.68795776367188,315.0535888671875,425.7994079589844
2023-08-17,172.14532470703125,311.5923767089844,422.554931640625
2023-08-18,172.63011169433594,311.1990051269531,422.7582702636719
2023-08-21,173.9657440185547,316.50897216796875,425.50885009765625
2023-08-22,175.34091186523438,317.0792236328125,424.3563537597656
2023-08-23,179.18943786621094,321.54345703125,429.08270263671875
2023-08-24,174.49996948242188,314.6307678222656,423.1360168457031
2023-08-25,176.70619201660156,317.590576171875,426.1190490722656
2023-08-28,178.2693634033203,318.298583984375,428.82122802734375
2023-08-29,182.15745544433594,322.9299011230469,435.019775390625
2023-08-30,185.6498260498047,323.3035888671875,436.81146240234375
2023-08-31,185.86749267578125,322.29083251953125,436.1722106933594
2023-09-01,187.44056701660156,323.17578125,436.98577880859375
2023-09-05,187.67800903320312,327.98419189453125,435.09716796875
2023-09-06,180.96034240722656,327.32537841796875,432.1722412109375
2023-09-07,175.6673583984375,324.4049072265625,430.8453674316406
2023-09-08,176.28076171875,328.6921691894531,431.49432373046875
2023-09-11,177.44818115234375,332.3009338378906,434.33209228515625
2023-09-12,174.42083740234375,326.23382568359375,431.94952392578125
2023-09-13,172.35308837890625,330.45233154296875,432.45318603515625
2023-09-14,173.86679077148438,333.0482482910156,436.181884765625
2023-09-15,173.14456176757812,324.70977783203125,430.92669677734375
2023-09-18,176.07301330566406,323.5691223144531,431.17938232421875
2023-09-19,177.16128540039062,323.1659240722656,430.28515625
2023-09-20,173.6194610595703,315.4174499511719,426.3294677734375
2023-09-21,172.07606506347656,314.1981201171875,419.2828674316406
2023-09-22,172.92691040039062,311.72021484375,418.3401794433594
2023-09-25,174.20314025878906,312.2413330078125,420.0993347167969
2023-09-26,170.1270751953125,306.9314270019531,413.92755126953125
2023-09-27,168.61338806152344,307.570556640625,414.0927429199219
2023-09-28,168.87060546875,308.4064025878906,416.4934387207031
2023-09-29,169.3850860595703,310.4812316894531,415.4826354980469
2023-10-02,171.89797973632812,316.4302062988281,415.3174133300781
2023-10-03,170.5623779296875,308.1606140136719,409.7579650878906
2023-10-04,171.8089599609375,313.6376037597656,412.7417907714844
2023-10-05,173.04563903808594,314.03094482421875,412.58624267578125
2023-10-06,175.59812927246094,321.7991638183594,417.4848327636719
2023-10-09,177.0821533203125,324.31640625,420.1576232910156
2023-10-10,176.48854064941406,322.91021728515625,422.3444519042969
2023-10-11,177.8834991455078,326.8730163574219,424.0745544433594
2023-10-12,178.78382873535156,325.6341247558594,421.48919677734375
2023-10-13,176.9436798095703,322.2613830566406,419.3898010253906
2023-10-16,176.8150177001953,327.0894470214844,423.80242919921875
2023-10-17,175.26173400878906,326.51904296875,423.7829895019531
2023-10-18,173.9657440185547,324.6015625,418.1360168457031
2023-10-19,173.5897674560547,325.7913818359375,414.4620666503906
2023-10-20,171.0372772216797,321.2189636230469,409.369140625
2023-10-23,171.156005859375,323.8247985839844,408.6596374511719
2023-10-24,171.59130859375,325.01458740234375,411.7406921386719
2023-10-25,169.27627563476562,334.9853515625,405.8313293457031
2023-10-26,165.1111297607422,322.41864013671875,400.97161865234375
2023-10-27,166.4269256591797,324.3066101074219,399.1540832519531
2023-10-30,168.47488403320312,331.6814270019531,403.92633056640625
2023-10-31,168.94976806640625,332.4681091308594,406.46307373046875
2023-11-01,172.1156768798828,340.2952880859375,410.7978820800781
2023-11-02,175.6772918701172,342.5077209472656,418.6706237792969
2023-11-03,174.76710510253906,346.9129943847656,422.4903564453125
2023-11-06,177.31959533691406,350.5806884765625,423.46221923828125
2023-11-07,179.8820037841797,354.5140075683594,424.6673889160156
2023-11-08,180.94058227539062,357.1394348144531,424.9783935546875
2023-11-09,180.46571350097656,354.6713562011719,421.6641540527344
2023-11-10,184.65611267089844,363.5014953613281,428.2441101074219
2023-11-13,183.07106018066406,360.5613098144531,427.8359680175781
2023-11-14,185.68638610839844,364.0914611816406,436.1362609863281
2023-11-15,186.2510528564453,364.2392883300781,437.0595703125
2023-11-16,187.93515014648438,370.64373779296875,437.5941467285156
2023-11-17,187.9153289794922,364.4166259765625,438.1384582519531
2023-11-20,189.65887451171875,371.8951110839844,441.5110168457031
2023-11-21,188.85643005371094,367.58935546875,440.548828125
2023-11-22,189.5201873779297,372.2991027832031,442.249755859375
2023-11-24,188.19273376464844,371.8852233886719,442.5218200683594
2023-11-27,188.01438903808594,373.0478515625,441.7248229980469
2023-11-28,188.61868286132812,377.07781982421875,442.1622619628906
2023-11-29,187.5983428955078,373.2843933105469,441.85125732421875
2023-11-30,188.1728973388672,373.343505859375,443.59100341796875
2023-12-01,189.4508514404297,369.0081481933594,446.2152404785156
2023-12-04,187.6577606201172,363.717041015625,443.872802734375
2023-12-05,191.6104278564453,367.04736328125,443.78533935546875
2023-12-06,190.52073669433594,363.38201904296875,441.9970397949219
2023-12-07,192.4525146484375,365.5003967285156,445.36968994140625
2023-12-08,193.87904357910156,368.7322998046875,447.28436279296875
2023-12-11,191.37271118164062,365.8453369140625,449.0240783691406
2023-12-12,192.8883819580078,368.8800354003906,451.07489013671875
2023-12-13,196.10797119140625,368.8702392578125,457.2952575683594
2023-12-14,196.25657653808594,360.55419921875,458.7629089355469
2023-12-15,195.7216339111328,365.2836608886719,458.0075378417969
2023-12-18,194.0573272705078,367.1754150390625,460.5838928222656
2023-12-19,195.0975341796875,367.77655029296875,463.3846130371094
2023-12-20,193.00726318359375,365.17529296875,456.96337890625
2023-12-21,192.85862731933594,368.0523986816406,461.2962646484375
2023-12-22,191.7887725830078,369.0771179199219,462.22332763671875
2023-12-26,191.243896484375,369.15594482421875,464.17510986328125
2023-12-27,191.34298706054688,368.5745544433594,465.0143127441406
2023-12-28,191.76893615722656,369.766845703125,465.1899719238281
2023-12-29,190.72877502441406,370.5156555175781,463.84332275390625
2024-01-02,183.90321350097656,365.421630859375,461.2474670410156
2024-01-03,182.52621459960938,365.15557861328125,457.4805908203125
2024-01-04,180.2081298828125,362.5346374511719,456.0069580078125
2024-01-05,179.4849395751953,362.3474426269531,456.6315612792969
2024-01-08,183.823974609375,369.1854553222656,463.1504211425781
2024-01-09,183.40789794921875,370.26934814453125,462.44775390625
2024-01-10,184.44808959960938,377.14678955078125,465.0631103515625
2024-01-11,183.8537139892578,378.9794616699219,464.85821533203125
2024-01-12,184.1806182861328,382.7630615234375,465.1802062988281
2024-01-16,181.91204833984375,384.5365905761719,463.472412109375
2024-01-17,180.97093200683594,383.74835205078125,460.8961486816406
2024-01-18,186.86524963378906,388.08367919921875,464.99481201171875
2024-01-19,189.76785278320312,392.81317138671875,470.79150390625
2024-01-22,192.0760498046875,390.68499755859375,471.7869567871094
2024-01-23,193.35398864746094,393.0398254394531,473.162841796875
2024-01-24,192.68032836914062,396.6460876464844,473.6800842285156
2024-01-25,192.3534393310547,398.922119140625,476.2564392089844
2024-01-26,190.61981201171875,397.99591064453125,475.6513366699219
2024-01-29,189.9362335205078,403.7008972167969,479.41827392578125
2024-01-30,186.28077697753906,402.5874938964844,479.0474548339844
2024-01-31,182.6748504638672,391.7391662597656,471.2306823730469
2024-02-01,185.11181640625,397.8481750488281,477.398193359375
2024-02-02,184.11126708984375,405.1788330078125,482.4239807128906
2024-02-05,185.92413330078125,399.6906433105469,480.66741943359375
2024-02-06,187.5289764404297,399.53302001953125,482.0628356933594
2024-02-07,187.63795471191406,407.9672546386719,486.08349609375
2024-02-08,186.55816650390625,408.0263671875,486.2981872558594
2024-02-09,187.3219451904297,414.3717956542969,489.1086730957031
2024-02-12,185.6356658935547,409.15948486328125,488.89398193359375
2024-02-13,183.542724609375,400.350830078125,482.160400390625
2024-02-14,182.65994262695312,404.22039794921875,486.5421447753906
2024-02-15,182.37229919433594,401.3280944824219,489.899169921875
2024-02-16,180.83482360839844,398.8602600097656,487.4594421386719
2024-02-20,180.09091186523438,397.6065979003906,484.77581787109375
2024-02-21,180.8447723388672,397.0044250488281,485.2149353027344
2024-02-22,182.878173828125,406.3525695800781,495.2567138671875
2024-02-23,181.0431365966797,405.0594177246094,495.5982971191406
2024-02-26,179.6941680908203,402.2955322265625,493.7831726074219
2024-02-27,181.15225219726562,402.2362365722656,494.7004699707031
2024-02-28,179.9520263671875,402.4731140136719,494.046630859375
2024-02-29,179.2874755859375,408.31695556640625,495.82269287109375
2024-03-01,178.20628356933594,410.1530456542969,500.4776306152344
2024-03-04,173.6831817626953,409.58056640625,499.94091796875
2024-03-05,168.74346923828125,397.4684143066406,494.94439697265625
2024-03-06,167.75157165527344,396.9156188964844,497.45245361328125
2024-03-07,167.6325225830078,403.87493896484375,502.39031982421875
2024-03-08,169.34852600097656,400.9924621582031,499.37493896484375
2024-03-11,171.35218811035156,399.3143310546875,498.945556640625
2024-03-12,171.82830810546875,409.93585205078125,504.3128356933594
2024-03-13,169.74530029296875,409.7582092285156,503.5223693847656
2024-03-14,171.60018920898438,419.7479248046875,502.5270690917969
2024-03-15,171.22325134277344,411.0611877441406,499.0763244628906
2024-03-18,172.31434631347656,411.94964599609375,502.04241943359375
2024-03-19,174.65524291992188,415.98699951171875,504.83233642578125
2024-03-20,177.22430419921875,419.7578430175781,509.5016784667969
2024-03-21,169.98336791992188,423.8445739746094,511.1854248046875
2024-03-22,170.88600158691406,423.2226867675781,510.21636962890625
2024-03-25,169.46755981445312,417.4183349609375,508.8067321777344
2024-03-26,168.3367919921875,416.2239074707031,507.86688232421875
2024-03-27,171.90765380859375,416.0067138671875,512.1349487304688
2024-03-28,170.09246826171875,415.30584716796875,512.037109375
2024-04-01,168.65420532226562,419.1063537597656,511.146240234375
2024-04-02,167.4738311767578,416.0166320800781,507.8963317871094
2024-04-03,168.27725219726562,415.0393371582031,508.4541931152344
2024-04-04,167.45401000976562,412.5024108886719,502.2480163574219
2024-04-05,168.20782470703125,420.04412841796875,507.4949035644531
2024-04-08,167.08697509765625,419.1260986328125,507.77880859375
2024-04-09,168.29710388183594,420.7942810058594,508.36614990234375
2024-04-10,166.4224090576172,417.8132019042969,503.2758483886719
2024-04-11,173.6236572265625,422.4230651855469,507.0740051269531
2024-04-12,175.1214599609375,416.4706726074219,500.0748596191406
2024-04-15,171.2926788330078,408.31695556640625,493.809814453125
2024-04-16,168.00946044921875,409.244873046875,492.90924072265625
2024-04-17,166.64064025878906,406.54010009765625,489.9920654296875
2024-04-18,165.68838500976562,399.0675964355469,488.9837951660156
2024-04-19,163.66490173339844,393.9838562011719,484.7157897949219
2024-04-22,164.4980926513672,395.8001403808594,489.17962646484375
2024-04-23,165.54949951171875,402.32513427734375,494.9844665527344
2024-04-24,167.65235900878906,403.7958984375,494.74957275390625
2024-04-25,168.5153350830078,393.9048767089844,492.87005615234375
2024-04-26,167.93008422851562,401.0911560058594,497.5394592285156
2024-04-29,172.09613037109375,397.07354736328125,499.30145263671875
2024-04-30,168.9517822265625,384.3197937011719,491.3919372558594
2024-05-01,167.93008422851562,389.8576354980469,489.7962951660156
2024-05-02,171.6299285888672,392.72027587890625,494.3775634765625
2024-05-03,181.89617919921875,401.4267578125,500.5055847167969
2024-05-06,180.2397003173828,408.21826171875,505.6741638183594
2024-05-07,180.92408752441406,404.0722961425781,506.232177734375
2024-05-08,181.26138305664062,405.2568664550781,506.281005859375
2024-05-09,183.07656860351562,407.01397705078125,509.1982421875
2024-05-10,181.8151397705078,409.4028015136719,509.85418701171875
2024-05-13,185.02333068847656,408.39593505859375,509.9225769042969
2024-05-14,186.16555786132812,411.1993713378906,512.2622680664062
2024-05-15,188.44012451171875,418.3887939453125,518.6055908203125
2024-05-16,188.55931091308594,416.3219299316406,517.5385131835938
2024-05-17,188.589111328125,415.5506286621094,518.282470703125
2024-05-20,189.75120544433594,420.62371826171875,518.879638671875
2024-05-21,191.05239868164062,424.2826843261719,520.1521606445312
2024-05-22,189.6121368408203,425.746337890625,518.654541015625
2024-05-23,185.61927795410156,422.26531982421875,514.8661499023438
2024-05-24,188.6983642578125,425.39031982421875,518.2727661132812
2024-05-28,188.7083282470703,425.5485534667969,518.6348876953125
2024-05-29,189.0062713623047,424.41131591796875,515.0031127929688
2024-05-30,189.99952697753906,410.07208251953125,511.5868225097656
2024-05-31,190.95306396484375,410.5269470214844,516.2463989257812
2024-06-03,192.72105407714844,408.93475341796875,516.6673583984375
2024-06-04,193.03887939453125,411.4565124511719,517.244873046875
2024-06-05,194.54864501953125,419.3085021972656,523.3923950195312
2024-06-06,193.16802978515625,419.81280517578125,523.382568359375
2024-06-07,195.56173706054688,419.1502380371094,522.746337890625
2024-06-10,191.8171844482422,423.12567138671875,524.3614501953125
2024-06-11,205.75254821777344,427.8823547363281,525.6243286132812
2024-06-12,211.6326141357422,436.16943359375,529.9412841796875
2024-06-13,212.79470825195312,436.68365478515625,531.00830078125
2024-06-14,211.05650329589844,437.6626892089844,531.3314208984375
2024-06-17,215.2083282470703,443.3983459472656,535.560302734375
2024-06-18,212.8443603515625,441.390869140625,536.9208984375
2024-06-20,208.26547241210938,440.75799560546875,535.46240234375
2024-06-21,206.0902557373047,444.7927551269531,534.7444458007812
2024-06-24,206.73587036132812,442.7061462402344,533.006103515625
2024-06-25,207.6595916748047,445.94976806640625,535.0587158203125
2024-06-26,211.81138610839844,447.1463317871094,535.7265625
2024-06-27,212.65567016601562,447.8287048339844,536.5711059570312
2024-06-28,209.19911193847656,441.9941101074219,534.4596557617188
2024-07-01,215.28778076171875,451.6656494140625,535.5595703125
2024-07-02,218.78402709960938,454.1873779296875,539.1637573242188
2024-07-03,220.0553741455078,455.6608581542969,541.56982421875
2024-07-05,224.81309509277344,462.37554931640625,544.6928100585938
2024-07-08,226.28311157226562,461.0702209472656,545.3213500976562
2024-07-09,227.1372833251953,454.44451904296875,545.8516235351562
2024-07-10,231.40826416015625,461.08013916015625,551.2529296875
2024-07-11,226.0347900390625,449.6582336425781,546.4996948242188
2024-07-12,228.98475646972656,448.52093505859375,549.94677734375
2024-07-15,232.81871032714844,448.9263610839844,551.4591674804688
2024-07-16,233.23590087890625,444.53564453125,554.7294921875
2024-07-17,227.33595275878906,438.6021423339844,546.9514770507812
2024-07-18,222.6676483154297,435.4870910644531,542.7482299804688
2024-07-19,222.79678344726562,432.26318359375,539.1441040039062
2024-07-22,222.4491424560547,438.028564453125,544.7025756835938
2024-07-23,223.49205017089844,439.91741943359375,543.8482055664062
2024-07-24,217.06568908691406,424.1442565917969,531.5232543945312
2024-07-25,216.0227813720703,413.76068115234375,528.7538452148438
2024-07-26,216.48963928222656,420.5544738769531,534.6757202148438
2024-07-29,216.7677001953125,421.99835205078125,534.9899291992188
2024-07-30,217.32394409179688,418.2305908203125,532.2794799804688
2024-07-31,220.58180236816406,413.71124267578125,540.9315185546875
2024-08-01,216.8869171142578,412.4849548339844,533.2713012695312
2024-08-02,218.3767852783203,403.9605407714844,523.3427124023438
2024-08-05,207.85824584960938,390.7685241699219,508.10101318359375
2024-08-06,205.8319854736328,395.17901611328125,512.785400390625
2024-08-07,208.404541015625,394.0121154785156,509.3580322265625
2024-08-08,211.8710174560547,398.224853515625,521.1329956054688
2024-08-09,214.78123474121094,401.5179443359375,523.4310302734375
2024-08-12,216.31259155273438,402.2991943359375,523.7060546875
2024-08-13,220.03167724609375,409.4193420410156,532.3186645507812
2024-08-14,220.4791717529297,412.2377624511719,533.998046875
2024-08-15,223.46238708496094,417.11199951171875,543.1509399414062
2024-08-16,224.78492736816406,414.5757751464844,544.3687133789062
2024-08-19,224.62582397460938,417.6073303222656,549.5736083984375
2024-08-20,225.24234008789062,420.8468933105469,548.6800537109375
2024-08-21,225.13296508789062,420.19305419921875,550.5654907226562
2024-08-22,223.27342224121094,411.6829528808594,546.2444458007812
2024-08-23,225.57049560546875,412.91143798828125,552.0485229492188
2024-08-26,225.90858459472656,409.6421203613281,550.732421875
2024-08-27,226.75384521484375,409.9888610839844,551.48876953125
2024-08-28,225.22247314453125,406.7790222167969,548.2871704101562
2024-08-29,228.5039825439453,409.27557373046875,548.336181640625
2024-08-30,227.7184295654297,413.2582092285156,553.5706787109375
2024-09-03,221.52330017089844,405.62982177734375,542.1786499023438
2024-09-04,219.614013671875,405.0948486328125,541.0690307617188
2024-09-05,221.13546752929688,404.5896301269531,539.7529907226562
2024-09-06,219.58419799804688,397.9618835449219,530.6688232421875
2024-09-09,219.67369079589844,401.9444580078125,536.6103515625
2024-09-10,218.87815856933594,410.3455810546875,538.9476928710938
2024-09-11,221.4138946533203,419.103271484375,544.4766235351562
2024-09-12,221.52330017089844,423.02642822265625,549.06298828125
2024-09-13,221.2548065185547,426.5830383300781,551.9305419921875
2024-09-16,215.10939025878906,427.3260498046875,552.7457885742188
2024-09-17,215.57672119140625,431.1005859375,552.9715576171875
2024-09-18,219.45492553710938,426.8009948730469,551.3316040039062
2024-09-19,227.58914184570312,434.607666015625,560.7396850585938
2024-09-20,226.92288208007812,431.219482421875,559.7703857421875
2024-09-23,225.20257568359375,429.47589111328125,561.169189453125
2024-09-24,226.09751892089844,425.17626953125,562.77490234375
2024-09-25,225.10311889648438,428.0888671875,561.5336303710938
2024-09-26,226.24671936035156,427.2962951660156,563.7599487304688
2024-09-27,226.5151824951172,424.03692626953125,562.9423217773438
2024-09-30,231.696044921875,426.2956848144531,565.1981811523438
2024-10-01,224.9440460205078,416.7751770019531,560.1348876953125
2024-10-02,225.51084899902344,413.2482604980469,560.371337890625
2024-10-03,224.40704345703125,412.6637878417969,559.3468017578125
2024-10-04,225.5307159423828,412.188232421875,564.4298095703125
2024-10-07,220.44932556152344,405.72894287109375,559.3270874023438
2024-10-08,224.50650024414062,410.85076904296875,564.616943359375
2024-10-09,228.25538635253906,413.5751953125,568.5277099609375
2024-10-10,227.75819396972656,411.9702453613281,567.5328369140625
2024-10-11,226.27655029296875,412.44580078125,570.9313354492188
2024-10-14,230.00555419921875,415.23956298828125,575.6005859375
2024-10-15,232.54129028320312,414.8432922363281,571.12841796875
2024-10-16,230.48284912109375,412.24761962890625,573.6107177734375
2024-10-17,230.85079956054688,412.84210205078125,573.6600341796875
2024-10-18,233.68482971191406,414.2686767578125,575.8665161132812
2024-10-21,235.15655517578125,414.8829040527344,574.9208984375
2024-10-22,234.54002380371094,423.5317077636719,574.6156005859375
2024-10-23,229.46856689453125,420.6487731933594,569.364990234375
2024-10-24,229.27963256835938,420.7775573730469,570.596435546875
2024-10-25,230.1149444580078,424.16571044921875,570.3993530273438
2024-10-28,232.09378051757812,422.6202392578125,572.1627197265625
2024-10-29,232.36227416992188,427.93035888671875,573.0886840820312
2024-10-30,228.81227111816406,428.50494384765625,571.35498046875
2024-10-31,224.6457061767578,402.568603515625,560.1546020507812
2024-11-01,221.66250610351562,406.5511474609375,562.518798828125
2024-11-04,220.7675323486328,404.658935546875,561.3070678710938
2024-11-05,222.19947814941406,407.63104248046875,568.0943603515625
2024-11-06,221.4735565185547,416.2698669433594,582.2203369140625
2024-11-07,226.20692443847656,421.4710388183594,586.7221069335938
2024-11-08,225.93814086914062,418.6079406738281,589.2636108398438
2024-11-11,223.22042846679688,414.1200866699219,589.8251342773438
2024-11-12,223.22042846679688,419.0933837890625,587.9928588867188
2024-11-13,224.10641479492188,421.2431640625,588.278564453125
2024-11-14,227.19247436523438,422.91748046875,584.495849609375
2024-11-15,223.98695373535156,411.1380920410156,577.0092163085938
2024-11-18,226.99337768554688,411.89105224609375,579.3734741210938
2024-11-19,227.25218200683594,413.90216064453125,581.4913330078125
2024-11-20,227.96896362304688,411.62353515625,581.6883544921875
2024-11-21,227.4911346435547,409.8466491699219,584.81103515625
2024-11-22,228.83502197265625,413.9463806152344,586.6236572265625
2024-11-25,231.82151794433594,415.7232971191406,588.613525390625
2024-11-26,234.0016632080078,424.8559265136719,591.68701171875
2024-11-27,233.8722381591797,419.89251708984375,589.89404296875
2024-11-29,236.26145935058594,420.3591003417969,593.5585327148438
2024-12-02,238.5112762451172,427.82403564453125,594.6224365234375
2024-12-03,241.55747985839844,428.04241943359375,594.8982543945312
2024-12-04,241.91587829589844,434.2168884277344,598.5922241210938
2024-12-05,241.9457244873047,439.3787841796875,597.6072387695312
2024-12-06,241.74664306640625,440.32183837890625,598.7401123046875
2024-12-09,245.63902282714844,442.7538757324219,595.65673828125
2024-12-10,246.65443420410156,440.0835876464844,593.8048095703125
2024-12-11,245.38021850585938,445.7021484375,598.3953247070312
2024-12-12,246.84359741210938,446.2679443359375,595.31201171875
2024-12-13,247.01283264160156,443.9947204589844,595.1937866210938
2024-12-16,249.9097137451172,448.28314208984375,597.7352905273438
2024-12-17,252.33872985839844,451.132080078125,595.2725830078125
2024-12-18,246.9331817626953,434.1871032714844,577.5313720703125
2024-12-19,248.6653289794922,433.8297119140625,577.3539428710938
2024-12-20,253.34417724609375,433.4029235839844,584.2886352539062
2024-12-23,254.12066650390625,432.062744140625,587.7874755859375
2024-12-24,257.0374755859375,436.11285400390625,594.3207397460938
2024-12-26,257.853759765625,434.9018249511719,594.3604125976562
2024-12-27,254.43922424316406,427.3773193359375,588.1038208007812
2024-12-30,251.06448364257812,421.71905517578125,581.392578125
2024-12-31,249.29251098632812,418.4134521484375,579.2774047851562
2025-01-02,242.75210571289062,415.51483154296875,577.8541259765625
2025-01-03,242.26429748535156,420.24993896484375,585.0792846679688
2025-01-06,243.89691162109375,424.7169189453125,588.44970703125
2025-01-07,241.11947631835938,419.277099609375,581.7977905273438
2025-01-08,241.60726928710938,421.4510803222656,582.6478271484375
2025-01-10,235.7836151123047,415.88214111328125,573.7523193359375
2025-01-13,233.34463500976562,414.1350402832031,574.6419067382812
2025-01-14,232.2296905517578,412.62615966796875,575.4326171875
2025-01-15,236.79901123046875,423.188232421875,585.8997192382812
2025-01-16,227.23228454589844,421.47088623046875,584.7728881835938
2025-01-17,228.9445343017578,425.8883056640625,590.6439819335938
2025-01-21,221.63758850097656,425.3621826171875,596.0504760742188
2025-01-22,222.8222198486328,442.93255615234375,599.401123046875
2025-01-23,222.6529998779297,443.4388427734375,602.6727294921875
2025-01-24,221.77696228027344,440.8082275390625,600.913330078125
2025-01-27,228.82508850097656,431.3778076171875,592.4132080078125
2025-01-28,237.187255859375,443.92529296875,597.50341796875
2025-01-29,238.28228759765625,439.0909423828125,594.824951171875
2025-01-30,236.520263671875,411.9510803222656,598.0173950195312
2025-01-31,234.93743896484375,412.0205993652344,594.834716796875
2025-02-03,226.98341369628906,407.9109191894531,590.831787109375
2025-02-04,231.75186157226562,409.3503112792969,594.7952270507812
2025-02-05,231.42332458496094,410.2635803222656,597.2068481445312
2025-02-06,232.16995239257812,412.77508544921875,599.2825317382812
2025-02-07,226.60513305664062,406.7494812011719,593.7969360351562
2025-02-10,226.8741912841797,409.201416015625,597.8295288085938
2025-02-11,231.82725524902344,408.4271240234375,598.2843017578125
2025-02-12,236.06277465820312,406.0447082519531,596.3568725585938
2025-02-13,240.70689392089844,407.5337219238281,602.6529541015625
2025-02-14,243.7664337158203,405.43914794921875,602.623291015625
2025-02-18,243.6368865966797,406.64031982421875,604.3924560546875
2025-02-19,244.03550720214844,411.7326965332031,605.8157958984375
2025-02-20,244.9922637939453,413.91107177734375,603.2954711914062
2025-02-21,244.71319580078125,406.03326416015625,592.9765625
2025-02-24,246.25791931152344,401.8457336425781,590.2782592773438
2025-02-25,246.1981201171875,395.77825927734375,587.3427124023438
2025-02-26,239.5408935546875,397.5985412597656,587.6392822265625
2025-02-27,236.49131774902344,390.4368591308594,578.2593994140625
2025-02-28,241.01583862304688,394.87310791015625,587.2833862304688
2025-03-03,237.21881103515625,386.4184265136719,576.9942626953125
2025-03-04,235.1259765625,386.53778076171875,570.16455078125
2025-03-05,234.93663024902344,398.8816223144531,576.29248046875
2025-03-06,234.5280303955078,394.7736511230469,566.0626220703125
2025-03-07,238.2552947998047,391.2127685546875,569.2353515625
2025-03-10,226.70477294921875,378.13287353515625,554.073486328125
2025-03-11,220.08740234375,378.42132568359375,549.467529296875
2025-03-12,216.2405548095703,381.2262878417969,552.38330078125
2025-03-13,208.96542358398438,376.7502746582031,545.0197143554688
2025-03-14,212.762451171875,386.4880676269531,556.2775268554688
2025-03-17,213.27072143554688,386.6273498535156,560.5671997070312
2025-03-18,211.96519470214844,381.4749450683594,554.5083618164062
2025-03-19,214.50648498535156,385.75201416015625,560.5474243164062
2025-03-20,213.37039184570312,384.7772521972656,558.9264526367188
2025-03-21,217.52618408203125,389.1736755371094,559.11083984375
2025-03-24,219.977783203125,390.9839782714844,569.1236572265625
2025-03-25,222.9875030517578,393.0528564453125,570.4917602539062
2025-03-26,220.77505493164062,387.89056396484375,563.6810302734375
2025-03-27,223.087158203125,388.4972839355469,562.18408203125
2025-03-28,217.1574249267578,376.78009033203125,550.8626708984375
2025-03-31,221.37301635742188,373.3883361816406,554.5604858398438
2025-04-01,222.42941284179688,380.1520080566406,556.1267700195312
2025-04-02,223.1270294189453,380.102294921875,559.646240234375
2025-04-03,202.49754333496094,371.12042236328125,532.0663452148438
2025-04-04,187.738037109375,357.9211730957031,500.9176330566406
2025-04-07,180.84161376953125,355.9517517089844,500.025390625
2025-04-08,171.8323974609375,352.66937255859375,492.1936340332031
2025-04-09,198.17234802246094,388.40777587890625,543.8834838867188
2025-04-10,189.7710723876953,379.3165283203125,520.051025390625
2025-04-11,197.47471618652344,386.378662109375,529.3301391601562
2025-04-14,201.82984924316406,385.7420654296875,534.4654541015625
2025-04-15,201.4511260986328,383.67315673828125,532.9684448242188
2025-04-16,193.6079559326172,369.62841796875,521.1216430664062
2025-04-17,196.3087158203125,365.81884765625,521.8651733398438
2025-04-21,192.50173950195312,357.205078125,509.443359375
2025-04-22,199.059326171875,364.864013671875,522.697998046875
2025-04-23,203.9027557373047,372.3936462402344,530.79736328125
2025-04-24,207.65989685058594,385.2347412109375,541.9701538085938
2025-04-25,208.56680297851562,389.7605285644531,545.8860473632812
2025-04-28,209.4238739013672,389.0741882324219,546.0941772460938
2025-04-29,210.490234375,391.9388427734375,549.5342407226562
2025-04-30,211.7758331298828,393.15234375,549.7523803710938
2025-05-01,212.59304809570312,423.1316223144531,553.6483764648438
2025-05-02,204.65020751953125,432.95892333984375,561.8668212890625
2025-05-05,198.21221923828125,433.8442077636719,558.6448364257812
2025-05-06,197.83351135253906,430.9994201660156,553.9755249023438
2025-05-07,195.58120727539062,431.03924560546875,556.3052978515625
2025-05-08,196.81698608398438,435.83355712890625,560.1815185546875
2025-05-09,197.8534393310547,436.3905334472656,559.4677124023438
2025-05-12,210.34713745117188,446.8644104003906,577.9567260742188
2025-05-13,212.48263549804688,446.74505615234375,581.7735595703125
2025-05-14,211.88389587402344,450.5247802734375,582.51708984375
2025-05-15,211.00575256347656,451.5412292480469,585.3622436523438
2025-05-16,210.81614685058594,452.67718505859375,589.0698852539062
2025-05-19,208.3413543701172,457.26104736328125,589.7142944335938
2025-05-20,206.42539978027344,456.56353759765625,587.7315673828125
2025-05-21,201.6654052734375,450.9831848144531,577.827880859375
2025-05-22,200.9369354248047,453.26513671875,578.0558471679688
2025-05-23,194.85975646972656,448.6015319824219,574.1102294921875
2025-05-27,199.78936767578125,459.07470703125,586.0463256835938
2025-05-28,199.99891662597656,455.75634765625,582.6558227539062
2025-05-29,199.5299072265625,457.0717468261719,584.9557495117188
2025-05-30,200.4280242919922,458.7458190917969,584.301513671875
2025-06-02,201.27622985839844,460.3502197265625,587.5928344726562
2025-06-03,202.84292602539062,461.3466796875,590.9436645507812
2025-06-04,202.39389038085938,462.2435302734375,590.7849731445312
2025-06-05,200.20849609375,466.0401611328125,587.9298095703125
2025-06-06,203.49156188964844,468.7307434082031,593.96728515625
2025-06-09,201.02676391601562,471.0924072265625,594.5026245117188
2025-06-10,202.2441864013672,469.26885986328125,597.8732299804688
2025-06-11,198.36236572265625,470.9628601074219,596.1681518554688
2025-06-12,198.78147888183594,477.1909484863281,598.5374755859375
2025-06-13,196.03726196289062,473.2946472167969,591.8457641601562
2025-06-16,198.0031280517578,477.46002197265625,597.4766845703125
2025-06-17,195.2289581298828,476.3638610839844,592.3712158203125
2025-06-18,196.16697692871094,478.5561218261719,592.281982421875
2025-06-20,200.57769775390625,475.7261047363281,590.8909301757812
2025-06-23,201.07666015625,484.29595947265625,596.7274780273438
2025-06-24,199.87918090820312,488.3915100097656,603.3196411132812
2025-06-25,201.13653564453125,490.5439758300781,603.65771484375
2025-06-26,200.57769775390625,495.705810546875,608.380615234375
2025-06-27,200.65753173828125,494.20111083984375,611.4032592773438
2025-06-30,204.7389373779297,495.66595458984375,614.3265380859375
2025-07-01,207.3833770751953,490.32470703125,614.127685546875
2025-07-02,211.99366760253906,489.36810302734375,616.9116821289062
2025-07-03,213.10134887695312,497.0909423828125,621.7738037109375
2025-07-07,209.50889587402344,495.974853515625,617.140380859375
2025-07-08,209.5687713623047,494.8786926269531,616.8023681640625
2025-07-09,210.69639587402344,501.74456787109375,620.5010986328125
2025-07-10,211.96372985839844,499.7216796875,622.2510986328125
2025-07-11,210.7163543701172,501.5552062988281,620.0635986328125
2025-07-14,208.1816864013672,501.2562561035156,621.2467651367188
2025-07-15,208.67066955566406,504.04644775390625,618.592041015625
2025-07-16,209.71847534179688,503.84716796875,620.66015625
2025-07-17,209.57875061035156,509.9058532714844,624.4583740234375
2025-07-18,210.73631286621094,508.2615966796875,624.0010375976562
2025-07-21,212.0335693359375,508.2716064453125,625.1842651367188
2025-07-22,213.94955444335938,503.4983825683594,625.2737426757812
2025-07-23,213.7000732421875,504.09625244140625,630.59326171875
2025-07-24,213.31088256835938,509.0887451171875,630.802001953125
2025-07-25,213.43064880371094,511.9088439941406,633.4667358398438
2025-07-28,213.6002960205078,510.7030334472656,633.3076782226562
2025-07-29,210.8261260986328,510.7727966308594,631.63720703125
2025-07-30,208.6107940673828,511.4404296875,630.841796875
2025-07-31,207.1339111328125,531.62939453125,628.4754028320312
2025-08-01,201.95481872558594,522.2722778320312,618.1743774414062
2025-08-04,202.9227752685547,533.7619018554688,627.5704956054688
2025-08-05,202.49366760253906,525.8995361328125,624.3887329101562
2025-08-06,212.80197143554688,523.0994262695312,629.17138671875
2025-08-07,219.56771850585938,519.0137939453125,628.6443481445312
2025-08-08,228.86814880371094,520.2095947265625,633.5462646484375
2025-08-11,226.95997619628906,519.9405517578125,632.29345703125
2025-08-12,229.42758178710938,527.3843383789062,639.02490234375
2025-08-13,233.10403442382812,518.7546997070312,641.2123413085938
2025-08-14,232.5545654296875,520.6480102539062,641.27197265625
2025-08-15,231.36570739746094,518.3461303710938,639.7706298828125
2025-08-18,230.66639709472656,515.286865234375,639.63134765625
2025-08-19,230.3367156982422,507.98260498046875,636.1612548828125
2025-08-20,225.79110717773438,503.9468078613281,634.470947265625
2025-08-21,224.68218994140625,503.2980041503906,631.925537109375
2025-08-22,227.53941345214844,506.2824401855469,641.6299438476562
2025-08-25,226.94000244140625,503.3179931640625,638.8060302734375
2025-08-26,229.08792114257812,501.1021423339844,641.4807739257812
2025-08-27,230.26678466796875,505.7933349609375,642.9423828125
2025-08-28,232.33477783203125,508.68792724609375,645.2192993164062
2025-08-29,231.91517639160156,505.7434387207031,641.3713989257812
2025-09-02,229.49752807617188,504.1763610839844,636.61865234375
2025-09-03,238.2390594482422,504.40594482421875,640.06884765625
2025-09-04,239.5477752685547,507.02105712890625,645.4181518554688
2025-09-05,239.45787048339844,494.0752868652344,643.5488891601562
2025-09-08,237.64962768554688,497.2693176269531,645.1298217773438
2025-09-09,234.123046875,497.4789123535156,646.6212768554688
2025-09-10,226.5703582763672,499.43524169921875,648.4906005859375
2025-09-11,229.80722045898438,500.0740661621094,653.8796997070312
2025-09-12,233.84332275390625,508.94744873046875,653.660888671875
2025-09-15,236.47076416015625,514.397216796875,657.1409301757812
2025-09-16,237.9193572998047,508.08905029296875,656.2361450195312
2025-09-17,238.75856018066406,509.06719970703125,655.4208374023438
2025-09-18,237.64962768554688,507.5001525878906,658.4832763671875
2025-09-19,245.26223754882812,516.96240234375,661.74462890625
2025-09-22,255.8319854736328,513.4889526367188,664.8753662109375
2025-09-23,254.18359375,508.2787170410156,661.256103515625
2025-09-24,252.06564331054688,509.19696044921875,659.1522216796875
2025-09-25,256.6212158203125,506.0827941894531,656.1112670898438
2025-09-26,255.2126007080078,510.5045166015625,659.8701782226562
2025-09-29,254.18359375,513.6386108398438,661.7246704101562
2025-09-30,254.38340759277344,516.982421875,664.21728515625
2025-10-01,255.20260620117188,518.7391357421875,666.4806518554688
2025-10-02,256.8809814453125,514.7765502929688,667.248291015625
2025-10-03,257.7701110839844,516.3834838867188,667.2384033203125
2025-10-06,256.44140625,527.5825805664062,669.6312866210938
2025-10-07,256.23162841796875,523.0010986328125,667.1486206054688
2025-10-08,257.8100891113281,523.8695068359375,671.1268920898438
2025-10-09,253.79396057128906,521.4241333007812,669.1826171875
2025-10-10,245.032470703125,510.0054626464844,651.0960693359375
2025-10-13,247.42015075683594,513.0896606445312,661.0865478515625
2025-10-14,247.53004455566406,512.610595703125,660.2789306640625
2025-10-15,249.09852600097656,512.4708251953125,663.2102661132812
2025-10-16,247.21035766601562,510.65423583984375,658.6936645507812
2025-10-17,252.045654296875,512.62060546875,662.4326171875
2025-10-20,261.98602294921875,515.8245239257812,669.3222045898438
2025-10-21,262.5155029296875,516.6929321289062,669.3121948242188
2025-10-22,258.19970703125,519.5675659179688,665.83251953125
2025-10-23,259.3285827636719,519.5875244140625,669.7808837890625
2025-10-24,262.56549072265625,522.6318359375,675.2546997070312
2025-10-27,268.5496520996094,530.527099609375,683.2211303710938
2025-10-28,268.7394714355469,541.057373046875,685.0357666015625
2025-10-29,269.4388122558594,540.538330078125,685.3648071289062
2025-10-30,271.13714599609375,524.77783203125,677.8270874023438
2025-10-31,270.108154296875,516.8426513671875,680.050537109375
2025-11-03,268.7894287109375,516.0641479492188,681.3267822265625
2025-11-04,269.7784729003906,513.3692016601562,673.2506103515625
2025-11-05,269.8783874511719,506.2125549316406,675.583740234375
2025-11-06,269.50872802734375,496.1713562011719,668.3351440429688
2025-11-07,268.2099914550781,495.8918762207031,668.9931640625
2025-11-10,269.42999267578125,505.0547180175781,679.432373046875
2025-11-11,275.25,507.7297058105469,680.9877319335938
2025-11-12,273.4700012207031,510.1851501464844,681.3666381835938
2025-11-13,272.95001220703125,502.34979248046875,670.0599975585938
2025-11-14,272.4100036621094,509.2268981933594,669.9503784179688
2025-11-17,267.4599914550781,506.54193115234375,663.7088012695312
2025-11-18,267.44000244140625,492.8675537109375,658.1353149414062
2025-11-19,268.55999755859375,486.2099914550781,660.6777954101562
2025-11-20,266.25,478.42999267578125,650.6075439453125
2025-11-21,271.489990234375,472.1199951171875,657.08837890625
2025-11-24,275.9200134277344,474.0,666.759765625
2025-11-25,276.9700012207031,476.989990234375,673.03125
2025-11-26,277.54998779296875,485.5,677.6775512695312
2025-11-28,278.8500061035156,492.010009765625,681.3765869140625
2025-12-01,283.1000061035156,486.739990234375,678.2658081054688
2025-12-02,286.19000244140625,490.0,679.5220947265625
2025-12-03,284.1499938964844,477.7300109863281,681.8751220703125
2025-12-04,280.70001220703125,480.8399963378906,682.3736572265625
2025-12-05,278.7799987792969,483.1600036621094,683.6697998046875
2025-12-08,277.8900146484375,491.0199890136719,681.6159057617188
2025-12-09,277.17999267578125,492.0199890136719,681.027587890625
2025-12-10,278.7799987792969,478.55999755859375,685.5443115234375
2025-12-11,278.0299987792969,483.4700012207031,687.1395263671875
2025-12-12,278.2799987792969,478.5299987792969,679.7514038085938
2025-12-15,274.1099853515625,474.82000732421875,678.7244262695312
2025-12-16,274.6099853515625,476.3900146484375,676.8699340820312
2025-12-17,271.8399963378906,476.1199951171875,669.4219360351562
2025-12-18,272.19000244140625,483.9800109863281,674.4769287109375
2025-12-19,273.6700134277344,485.9200134277344,680.5900268554688
2025-12-22,270.9700012207031,484.9200134277344,684.8300170898438
